0.5000000000000002,4.325082942629909e-08
0.5010000000000001,8.426715006127599e-08
0.5020000000000002,4.4601939851077077e-07
0.5030000000000001,6.564338470006546e-08
0.5040000000000002,5.733578938535423e-09
0.5050000000000001,2.262218534502537e-08
0.5060000000000002,1.1509360153358246e-07
0.5070000000000001,3.6899492852989954e-08
0.5080000000000002,3.145150828602124e-07
0.5090000000000001,2.0603371233894473e-07
0.5100000000000002,2.7015325025899446e-07
0.5110000000000001,4.4628917520982575e-08
0.5120000000000002,3.5499121120667993e-07
0.5130000000000001,5.549780977444496e-07
0.5140000000000002,7.384799602247803e-08
0.5150000000000001,1.5931372524343783e-07
0.5160000000000002,1.7275722861985815e-07
0.5170000000000001,1.4308759407311258e-07
0.5180000000000002,5.664436584018462e-08
0.5190000000000001,2.7194214317742342e-09
0.5200000000000002,4.240655284777934e-07
0.5210000000000001,3.5323217005109105e-07
0.5220000000000002,2.0152064962022126e-07
0.5230000000000001,3.583851595201936e-08
0.5240000000000002,3.051147875598891e-08
0.5250000000000001,2.7760510723233296e-09
0.5260000000000002,6.965509472401579e-08
0.5270000000000001,1.5449752333300084e-07
0.5280000000000002,1.393467727097203e-08
0.5290000000000001,2.655991332314686e-07
0.5300000000000002,2.591197786800683e-07
0.5310000000000001,2.380063994555679e-07
0.5320000000000003,3.4769499025260127e-07
0.5330000000000001,8.971786552635054e-08
0.5340000000000003,3.082870106574551e-07
0.5350000000000001,3.0806775316647654e-08
0.5360000000000003,4.1658462912040704e-08
0.5370000000000001,2.5075597075158513e-08
0.5380000000000003,8.409546412988269e-09
0.5390000000000001,2.3720412103453473e-08
0.5400000000000003,1.4489356643598402e-07
0.5410000000000001,2.73416739343702e-07
0.5420000000000003,2.1287614701987064e-07
0.5430000000000001,6.563601643829463e-08
0.5440000000000003,2.3622311327783415e-08
0.5450000000000002,8.040667848699638e-08
0.5460000000000003,9.745685795666043e-08
0.5470000000000002,4.50573542013622e-08
0.5480000000000003,1.5901855139616463e-07
0.5490000000000002,1.499310210880342e-07
0.5500000000000003,5.166691377197203e-08
0.5510000000000002,1.580800217212825e-07
0.5520000000000003,4.168230803056251e-09
0.5530000000000002,1.1993100083346892e-07
0.5540000000000003,2.482043075992067e-07
0.5550000000000002,5.595861234756028e-09
0.5560000000000003,5.735236905670262e-08
0.5570000000000002,2.5205560951074348e-08
0.5580000000000003,1.5021096890346028e-07
0.5590000000000002,9.094070335056473e-08
0.5600000000000003,4.680223958089815e-08
0.5610000000000002,1.0301307330926151e-07
0.5620000000000003,6.124445242699308e-08
0.5630000000000002,2.1953075273951922e-07
0.5640000000000003,9.858122575073652e-09
0.5650000000000002,1.7348209403475073e-07
0.5660000000000003,1.3818482380210162e-07
0.5670000000000002,2.3918379194365303e-07
0.5680000000000003,2.4432260013552656e-07
0.5690000000000002,1.985388632080906e-07
0.5700000000000003,1.5012357701932847e-07
0.5710000000000002,2.1980526394595846e-07
0.5720000000000003,2.6070438383928367e-07
0.5730000000000002,4.8319345519710715e-08
0.5740000000000003,2.476735964351157e-08
0.5750000000000002,3.8404396711112996e-08
0.5760000000000003,2.2513241144656357e-07
0.5770000000000002,2.3527942620229268e-07
0.5780000000000003,2.635104933721082e-07
0.5790000000000002,2.180546453639508e-07
0.5800000000000003,2.340644126442594e-07
0.5810000000000002,2.467517752002466e-07
0.5820000000000003,3.454065564842241e-07
0.5830000000000002,3.8536730635662833e-07
0.5840000000000003,3.78703046613412e-07
0.5850000000000002,4.5101391569930153e-07
0.5860000000000003,5.352763602049361e-07
0.5870000000000002,6.392807754421217e-07
0.5880000000000003,6.176031406202239e-07
0.5890000000000002,6.38955083815269e-07
0.5900000000000003,7.907878613378085e-07
0.5910000000000002,8.324737883553587e-07
0.5920000000000003,8.386921687471482e-07
0.5930000000000002,1.0487925680699314e-06
0.5940000000000003,1.099655998354714e-06
0.5950000000000002,1.1533825090774788e-06
0.5960000000000003,1.3376177939057033e-06
0.5970000000000002,1.5501951481128978e-06
0.5980000000000003,1.805233693590986e-06
0.5990000000000002,1.9530592080019857e-06
0.6000000000000003,2.0562198998735203e-06
0.6010000000000002,2.3142705725136607e-06
0.6020000000000003,2.5688260312847784e-06
0.6030000000000002,2.738206064905555e-06
0.6040000000000003,2.975505728648515e-06
0.6050000000000002,3.3146664129691115e-06
0.6060000000000003,3.606035260217352e-06
0.6070000000000002,3.888922226547571e-06
0.6080000000000003,4.217815344741423e-06
0.6090000000000002,4.454275889170799e-06
0.6100000000000003,4.72018579758256e-06
0.6110000000000002,5.019074145425382e-06
0.6120000000000003,5.229277439558621e-06
0.6130000000000002,5.455210271287742e-06
0.6140000000000003,5.6242141339063056e-06
0.6150000000000002,5.736333634708694e-06
0.6160000000000003,5.947050051560711e-06
0.6170000000000002,6.117564856342564e-06
0.6180000000000003,6.17285659894967e-06
0.6190000000000002,6.070747410742699e-06
0.6200000000000003,6.084331201234358e-06
0.6210000000000002,6.067569410000581e-06
0.6220000000000003,6.122672132966937e-06
0.6230000000000002,6.022734974597667e-06
0.6240000000000003,5.992755931694085e-06
0.6250000000000002,6.006126837424493e-06
0.6260000000000003,5.947638224219897e-06
0.6270000000000002,6.046433916847408e-06
0.6280000000000003,6.0418496059629254e-06
0.6290000000000002,5.9826426408290045e-06
0.6300000000000003,5.983391034663192e-06
0.6310000000000002,5.9930426048925025e-06
0.6320000000000003,6.190510788066658e-06
0.6330000000000002,6.346474878893422e-06
0.6340000000000003,6.429848347947727e-06
0.6350000000000002,6.669145100739203e-06
0.6360000000000003,6.927591475138566e-06
0.6370000000000002,7.297021318458599e-06
0.6380000000000003,7.412380267165918e-06
0.6390000000000002,7.69191874902115e-06
0.6400000000000003,8.019258496375855e-06
0.6410000000000002,8.507160234501713e-06
0.6420000000000003,9.187164816026612e-06
0.6430000000000002,9.77555587654936e-06
0.6440000000000003,1.056483037898121e-05
0.6450000000000002,1.1528726157018453e-05
0.6460000000000004,1.2213247121023893e-05
0.6470000000000002,1.2983327203970095e-05
0.6480000000000004,1.3931672138569487e-05
0.6490000000000002,1.524679057791091e-05
0.6500000000000004,1.630022841875709e-05
0.6510000000000002,1.8134368135314512e-05
0.6520000000000004,1.9268870705783694e-05
0.6530000000000002,2.1273786105123705e-05
0.6540000000000004,2.342258977139184e-05
0.6550000000000002,2.53880922164445e-05
0.6560000000000004,2.77496870518071e-05
0.6570000000000003,3.00735960126443e-05
0.6580000000000004,3.235281023943417e-05
0.6590000000000003,3.520271444871002e-05
0.6600000000000004,3.869824901459497e-05
0.6610000000000003,4.09161119124801e-05
0.6620000000000004,4.441974368724039e-05
0.6630000000000003,4.784077149563585e-05
0.6640000000000004,5.185725260067349e-05
0.6650000000000003,5.540940622540534e-05
0.6660000000000004,5.995126466272263e-05
0.6670000000000003,6.36874200870562e-05
0.6680000000000004,6.835155277987757e-05
0.6690000000000003,7.291927066993572e-05
0.6700000000000004,7.665985233880659e-05
0.6710000000000003,8.023076117289154e-05
0.6720000000000004,8.406176970238829e-05
0.6730000000000003,8.79290267770149e-05
0.6740000000000004,9.143149216438658e-05
0.6750000000000003,9.30313971735726e-05
0.6760000000000004,9.56654196675917e-05
0.6770000000000003,9.911638334896523e-05
0.6780000000000004,0.00010064858611642933
0.6790000000000003,0.00010146332262182609
0.6800000000000004,0.00010176194758394931
0.6810000000000003,0.00010171630821164115
0.6820000000000004,0.00010095518935109029
0.6830000000000003,9.990265325107798e-05
0.6840000000000004,9.727531308136938e-05
0.6850000000000003,9.746653115973274e-05
0.6860000000000004,9.483634869265149e-05
0.6870000000000003,8.975278859471201e-05
0.6880000000000004,8.798725511433373e-05
0.6890000000000003,8.614264460066258e-05
0.6900000000000004,8.172767626342828e-05
0.6910000000000003,7.910948802693449e-05
0.6920000000000004,7.592317170144386e-05
0.6930000000000003,7.220691070881495e-05
0.6940000000000004,6.957617070086433e-05
0.6950000000000003,6.637063860647466e-05
0.6960000000000004,6.37753159385645e-05
0.6970000000000003,6.0978480098313404e-05
0.6980000000000004,5.858043920549094e-05
0.6990000000000003,5.561026755194304e-05
0.7000000000000004,5.356319079307401e-05
0.7010000000000003,5.178144971563702e-05
0.7020000000000004,5.0146818175390005e-05
0.7030000000000003,4.78143038401075e-05
0.7040000000000004,4.6392222598457556e-05
0.7050000000000003,4.4968975517268954e-05
0.7060000000000004,4.478308273593132e-05
0.7070000000000003,4.384991750895652e-05
0.7080000000000004,4.300106070335012e-05
0.7090000000000003,4.1285370336661316e-05
0.7100000000000004,4.070429804475702e-05
0.7110000000000003,4.100870219142174e-05
0.7120000000000004,4.1661232480862225e-05
0.7130000000000003,4.050024800471795e-05
0.7140000000000004,4.080501326871382e-05
0.7150000000000003,4.078198053816306e-05
0.7160000000000004,4.1144836307104634e-05
0.7170000000000003,4.1121598683315035e-05
0.7180000000000004,4.113704845970744e-05
0.7190000000000003,4.088188804496235e-05
0.7200000000000004,4.089718905207585e-05
0.7210000000000003,4.0593740415303256e-05
0.7220000000000004,4.058033850650914e-05
0.7230000000000003,4.036212155703702e-05
0.7240000000000004,3.9431771011184716e-05
0.7250000000000003,3.8902657573104876e-05
0.7260000000000004,3.928065202621209e-05
0.7270000000000003,3.8967644271841174e-05
0.7280000000000004,3.81599541710922e-05
0.7290000000000003,3.720576271897796e-05
0.7300000000000004,3.633993447627729e-05
0.7310000000000003,3.552322187669264e-05
0.7320000000000004,3.525425201443749e-05
0.7330000000000003,3.464514801042729e-05
0.7340000000000004,3.443920574013886e-05
0.7350000000000003,3.3829702817278006e-05
0.7360000000000004,3.2099864840742226e-05
0.7370000000000003,3.273390455646942e-05
0.7380000000000004,3.246165282000504e-05
0.7390000000000003,3.1589224156302066e-05
0.7400000000000004,3.1594102400889386e-05
0.7410000000000003,3.161342725431029e-05
0.7420000000000004,3.104661029515547e-05
0.7430000000000003,3.159340313303763e-05
0.7440000000000004,3.134815744164113e-05
0.7450000000000003,3.139534160368382e-05
0.7460000000000004,3.1707427442652243e-05
0.7470000000000003,3.171162684338603e-05
0.7480000000000004,3.202399229979282e-05
0.7490000000000003,3.229266746011251e-05
0.7500000000000004,3.2620016727857e-05
0.7510000000000003,3.263894542748409e-05
0.7520000000000004,3.3026480647428195e-05
0.7530000000000003,3.2985888291946107e-05
0.7540000000000004,3.426052996679726e-05
0.7550000000000003,3.514770618167408e-05
0.7560000000000004,3.452478485026276e-05
0.7570000000000003,3.4834267067480156e-05
0.7580000000000005,3.344668257697286e-05
0.7590000000000003,3.428727916378142e-05
0.7600000000000005,3.520401571886921e-05
0.7610000000000003,3.576224417941516e-05
0.7620000000000005,3.610447876406301e-05
0.7630000000000003,3.5806918205608405e-05
0.7640000000000005,3.606907333906903e-05
0.7650000000000003,3.5570713700799516e-05
0.7660000000000005,3.556891533465282e-05
0.7670000000000003,3.4989764363230384e-05
0.7680000000000005,3.567524872427308e-05
0.7690000000000003,3.5360363047650475e-05
0.7700000000000005,3.484056805140869e-05
0.7710000000000004,3.4257964645049767e-05
0.7720000000000005,3.458417421611756e-05
0.7730000000000004,3.462751820485101e-05
0.7740000000000005,3.437185032129475e-05
0.7750000000000004,3.381605622535535e-05
0.7760000000000005,3.50107744108792e-05
0.7770000000000004,3.449963614269505e-05
0.7780000000000005,3.478211809706718e-05
0.7790000000000004,3.512497614120769e-05
0.7800000000000005,3.5753603953752496e-05
0.7810000000000004,3.543519695810384e-05
0.7820000000000005,3.549352472366682e-05
0.7830000000000004,3.490416490618791e-05
0.7840000000000005,3.616679930005364e-05
0.7850000000000004,3.5515406029616336e-05
0.7860000000000005,3.622256898669137e-05
0.7870000000000004,3.6870177952702424e-05
0.7880000000000005,3.72323360278849e-05
0.7890000000000004,3.780214122688963e-05
0.7900000000000005,3.808193897878991e-05
0.7910000000000004,3.871910260607814e-05
0.7920000000000005,3.910390054090117e-05
0.7930000000000004,3.921888466436701e-05
0.7940000000000005,3.920170877183643e-05
0.7950000000000004,3.8994984109484793e-05
0.7960000000000005,3.9636387818233864e-05
0.7970000000000004,3.944521530966373e-05
0.7980000000000005,3.8783908369922444e-05
0.7990000000000004,3.913661624839214e-05
0.8000000000000005,3.8555510562019026e-05
0.8010000000000004,3.958607022134034e-05
0.8020000000000005,3.9779770683530075e-05
0.8030000000000004,3.972712715215854e-05
0.8040000000000005,4.074146270500452e-05
0.8050000000000004,4.000567629823011e-05
0.8060000000000005,4.016106305318406e-05
0.8070000000000004,4.082683359464724e-05
0.8080000000000005,4.172468800258645e-05
0.8090000000000004,4.186408221562897e-05
0.8100000000000005,4.202277319622222e-05
0.8110000000000004,4.289871573416008e-05
0.8120000000000005,4.3716358231911535e-05
0.8130000000000004,4.372749824643858e-05
0.8140000000000005,4.371406457371744e-05
0.8150000000000004,4.5078680705690976e-05
0.8160000000000005,4.6444427928260526e-05
0.8170000000000004,4.5892241971125205e-05
0.8180000000000005,4.6821391014584404e-05
0.8190000000000004,4.9063671415285715e-05
0.8200000000000005,5.930413400600018e-05
0.8210000000000004,5.987179323947778e-05
0.8220000000000005,5.454328685019499e-05
0.8230000000000004,6.567106533132251e-05
0.8240000000000005,6.818362082757688e-05
0.8250000000000004,5.7831793994064956e-05
0.8260000000000005,5.9635626529338664e-05
0.8270000000000004,6.919301035678651e-05
0.8280000000000005,6.313468932163109e-05
0.8290000000000004,5.4871281927198584e-05
0.8300000000000005,6.0697145597583555e-05
0.8310000000000004,5.527131618717586e-05
0.8320000000000005,6.175451562320026e-05
0.8330000000000004,7.27083622036557e-05
0.8340000000000005,7.000280079610549e-05
0.8350000000000004,6.82925486756821e-05
0.8360000000000005,6.271912785004501e-05
0.8370000000000004,6.131959225255432e-05
0.8380000000000005,6.300015646054664e-05
0.8390000000000004,6.143436347467804e-05
0.8400000000000005,6.201228352420361e-05
0.8410000000000004,5.7594400466548626e-05
0.8420000000000005,6.182500646942024e-05
0.8430000000000004,5.663919837871877e-05
0.8440000000000005,5.451334577817569e-05
0.8450000000000004,6.175308767833565e-05
0.8460000000000005,5.418984458126235e-05
0.8470000000000004,5.358645383274019e-05
0.8480000000000005,6.912051358571754e-05
0.8490000000000004,7.150767640437826e-05
0.8500000000000005,5.38264608638774e-05
0.8510000000000004,5.465986684810648e-05
0.8520000000000005,5.5123771904792506e-05
0.8530000000000004,5.885018841179008e-05
0.8540000000000005,6.648336896646111e-05
0.8550000000000004,6.97816370468196e-05
0.8560000000000005,6.995608636619813e-05
0.8570000000000004,6.680538445741712e-05
0.8580000000000005,8.134790540823042e-05
0.8590000000000004,7.774884916500633e-05
0.8600000000000005,7.617529630939368e-05
0.8610000000000004,7.509772300623007e-05
0.8620000000000005,8.138749848386841e-05
0.8630000000000004,8.827324828570787e-05
0.8640000000000005,8.783434820683889e-05
0.8650000000000004,9.007000059083745e-05
0.8660000000000005,9.023044396056004e-05
0.8670000000000004,8.934491279920148e-05
0.8680000000000005,9.240483211606333e-05
0.8690000000000004,9.534301552991732e-05
0.8700000000000006,9.223687717261983e-05
0.8710000000000004,9.670436554020127e-05
0.8720000000000006,9.72373327343567e-05
0.8730000000000004,9.789186138426615e-05
0.8740000000000006,9.695999025049882e-05
0.8750000000000004,9.421142386279336e-05
0.8760000000000006,9.362912133799127e-05
0.8770000000000004,9.702288600172656e-05
0.8780000000000006,9.971624462801232e-05
0.8790000000000004,9.329145789798255e-05
0.8800000000000006,9.003544423211873e-05
0.8810000000000004,8.929719779848665e-05
0.8820000000000006,8.359751404871748e-05
0.8830000000000005,8.3873401551515e-05
0.8840000000000006,8.65188548032551e-05
0.8850000000000005,8.714923517567108e-05
0.8860000000000006,8.418058624924356e-05
0.8870000000000005,8.095568979805827e-05
0.8880000000000006,7.446947382031954e-05
0.8890000000000005,7.655176571557605e-05
0.8900000000000006,8.025984596902345e-05
0.8910000000000005,8.174785620918381e-05
0.8920000000000006,8.116253449606214e-05
0.8930000000000005,7.97584270774696e-05
0.8940000000000006,8.291468796288993e-05
0.8950000000000005,8.865318845194736e-05
0.8960000000000006,8.896435276612325e-05
0.8970000000000005,8.940300351831567e-05
0.8980000000000006,9.340284853349962e-05
0.8990000000000005,9.513338414697395e-05
0.9000000000000006,9.706053922105103e-05
0.9010000000000005,0.00010076026686345378
0.9020000000000006,0.00010583501288411457
0.9030000000000005,0.00010824136582622018
0.9040000000000006,0.00011082331715481564
0.9050000000000005,0.00011535006946872104
0.9060000000000006,0.00011432182330015999
0.9070000000000005,0.00010941267779750894
0.9080000000000006,0.00010556683218676011
0.9090000000000005,0.0001058941678466437
0.9100000000000006,0.00010727118225276874
0.9110000000000005,0.00010117344302301488
0.9120000000000006,9.788587544332317e-05
0.9130000000000005,9.323367413268108e-05
0.9140000000000006,8.609063940307936e-05
0.9150000000000005,8.022660972133829e-05
0.9160000000000006,7.315530515221231e-05
0.9170000000000005,6.826954413952202e-05
0.9180000000000006,6.0219891045102544e-05
0.9190000000000005,5.328023938302625e-05
0.9200000000000006,4.669638541683532e-05
0.9210000000000005,4.362011387212859e-05
0.9220000000000006,4.162023395714575e-05
0.9230000000000005,3.5505026642169244e-05
0.9240000000000006,2.9214289333879648e-05
0.9250000000000005,2.430298241750278e-05
0.9260000000000006,2.0496840115068812e-05
0.9270000000000005,1.8204293422768952e-05
0.9280000000000006,1.6218291518766496e-05
0.9290000000000005,1.490528765125428e-05
0.9300000000000006,1.3417760621555388e-05
0.9310000000000005,1.2319429426991659e-05
0.9320000000000006,1.0358839179565274e-05
0.9330000000000005,8.099120266020882e-06
0.9340000000000006,7.731428152675834e-06
0.9350000000000005,6.362044938022701e-06
0.9360000000000006,4.665445655841038e-06
0.9370000000000005,3.7573542525764075e-06
0.9380000000000006,4.499674154270738e-06
0.9390000000000005,5.249266018700838e-06
0.9400000000000006,3.4506560269373103e-06
0.9410000000000005,2.0029567973966685e-06
0.9420000000000006,2.1165403479662616e-06
0.9430000000000005,2.8920856566122683e-06
0.9440000000000006,2.9558483633826115e-06
0.9450000000000005,1.936863070756313e-06
0.9460000000000006,1.5542698674198869e-06
0.9470000000000005,2.142789786070632e-06
0.9480000000000006,1.8492437999931086e-06
0.9490000000000005,1.3940282018845172e-06
0.9500000000000006,1.0820234675684195e-06
0.9510000000000005,2.1604073292971255e-06
0.9520000000000006,2.5152485750676616e-06
0.9530000000000005,2.1688652523003387e-06
0.9540000000000006,2.10473306901294e-06
0.9550000000000005,1.3868950683624993e-06
0.9560000000000006,4.659606948286555e-06
0.9570000000000005,4.614717716432906e-06
0.9580000000000006,2.5254766822215573e-06
0.9590000000000005,1.0849104332152633e-06
0.9600000000000006,2.438989642590618e-06
0.9610000000000005,5.732014074512538e-06
0.9620000000000006,5.021043553284288e-06
0.9630000000000005,2.613081066661826e-06
0.9640000000000006,1.5000232289022369e-06
0.9650000000000005,4.0786229592267e-06
0.9660000000000006,2.9141026394124654e-06
0.9670000000000005,2.9117164693030054e-07
0.9680000000000006,5.022490667280448e-07
0.9690000000000005,5.473075186951377e-06
0.9700000000000006,3.0505129482717678e-06
0.9710000000000005,1.942774724275915e-06
0.9720000000000006,1.2470098642492963e-06
0.9730000000000005,4.343246206430404e-07
0.9740000000000006,2.9557732027769775e-06
0.9750000000000005,4.7230919422299e-06
0.9760000000000006,1.348680087782593e-06
0.9770000000000005,7.445371212301113e-07
0.9780000000000006,6.898228588106463e-07
0.9790000000000005,4.025931523195162e-06
0.9800000000000006,2.045909622513482e-06
0.9810000000000005,1.8903969850172927e-07
0.9820000000000007,1.5496373570694447e-06
0.9830000000000005,6.030327375411384e-07
0.9840000000000007,6.87215796207504e-07
0.9850000000000005,1.1356706861081978e-06
0.9860000000000007,1.6937716379309037e-06
0.9870000000000005,5.57661329400808e-06
0.9880000000000007,1.4957576732476845e-06
0.9890000000000005,1.3419985039068553e-06
0.9900000000000007,6.342851761324054e-07
0.9910000000000005,3.14222828580336e-06
0.9920000000000007,4.096944332315897e-06
0.9930000000000005,9.844953916882312e-07
0.9940000000000007,8.521368342188368e-07
0.9950000000000006,1.741680422319671e-06
0.9960000000000007,2.521401281444545e-06
0.9970000000000006,1.1280935504099933e-06
0.9980000000000007,2.1340787479120454e-06
0.9990000000000006,8.768481317595925e-07
1.0000000000000007,3.062678200222279e-06
1.0010000000000006,2.727166828339686e-07
1.0020000000000007,8.939894777424681e-07
1.0030000000000006,3.080914781313976e-06
1.0040000000000007,1.0970560595839354e-06
1.0050000000000006,2.767243456635991e-06
1.0060000000000007,1.9130136482153663e-06
1.0070000000000006,7.98322953524209e-07
1.0080000000000007,6.674520625973078e-07
1.0090000000000006,2.3172043058180685e-06
1.0100000000000007,9.947034725291136e-07
1.0110000000000006,1.6555387571245996e-06
1.0120000000000007,9.668083504389026e-07
1.0130000000000006,8.956060107928447e-07
1.0140000000000007,4.566058559522806e-06
1.0150000000000006,3.5374790645531514e-06
1.0160000000000007,3.127608610240488e-06
1.0170000000000006,1.969513361875225e-06
1.0180000000000007,8.664056961456461e-07
1.0190000000000006,6.791709198728403e-07
1.0200000000000007,5.002798809054597e-07
1.0210000000000006,1.233455792359229e-06
1.0220000000000007,2.40796354568131e-06
1.0230000000000006,1.0388694402581646e-06
1.0240000000000007,4.791288756371562e-06
1.0250000000000006,1.895240507320672e-06
1.0260000000000007,1.914031536707645e-06
1.0270000000000006,1.3065293076195006e-07
1.0280000000000007,5.895306615988839e-07
1.0290000000000006,1.93674110127133e-06
1.0300000000000007,1.6483798844289555e-06
1.0310000000000006,5.198605198152934e-07
1.0320000000000007,4.042657933185709e-06
1.0330000000000006,1.7656325052992105e-06
1.0340000000000007,2.937812277683484e-06
1.0350000000000006,2.792169046632324e-06
1.0360000000000007,1.3176994824826236e-06
1.0370000000000006,1.997843733580076e-06
1.0380000000000007,1.4297104491551277e-06
1.0390000000000006,9.305887017960003e-07
1.0400000000000007,1.7020062114461735e-06
1.0410000000000006,1.024029968439293e-06
1.0420000000000007,6.059361287354888e-06
1.0430000000000006,1.9112497716138718e-07
1.0440000000000007,2.0997900867214354e-06
1.0450000000000006,3.1325515783048737e-07
1.0460000000000007,7.337888974038682e-07
1.0470000000000006,2.0818302557699632e-07
1.0480000000000007,1.5957053766361008e-06
1.0490000000000006,8.913157021857135e-07
1.0500000000000007,2.760193256899905e-06
1.0510000000000006,8.968112329342405e-08
1.0520000000000007,3.668819376588496e-08
1.0530000000000006,7.879469273092946e-07
1.0540000000000007,3.552598747041899e-06
1.0550000000000006,1.1048606886066602e-06
1.0560000000000007,3.0914316825540575e-06
1.0570000000000006,2.922627949093269e-07
1.0580000000000007,4.205228649967777e-06
1.0590000000000006,2.901924523242495e-06
1.0600000000000007,2.9198939803248447e-06
1.0610000000000006,1.662357276311964e-06
1.0620000000000007,4.6044148881488204e-06
1.0630000000000006,4.6893438845683884e-06
1.0640000000000007,2.374275633079758e-06
1.0650000000000006,1.6347587164348824e-07
1.0660000000000007,4.0335328815950395e-06
1.0670000000000006,5.941643532406172e-06
1.0680000000000007,6.470261795797714e-07
1.0690000000000006,5.918032401125665e-07
1.0700000000000007,9.025217191872237e-07
1.0710000000000006,5.243046105753809e-07
1.0720000000000007,1.4889396743426983e-06
1.0730000000000006,1.3934840334857862e-06
1.0740000000000007,1.055987307191338e-06
1.0750000000000006,1.3067083582448103e-06
1.0760000000000007,5.172009965262768e-06
1.0770000000000006,2.078856713268623e-06
1.0780000000000007,8.339461855042923e-07
1.0790000000000006,1.747009416890222e-06
1.0800000000000007,1.0390033337337015e-06
1.0810000000000006,3.218741899498924e-06
1.0820000000000007,3.852567570407168e-06
1.0830000000000006,3.6198687730183694e-07
1.0840000000000007,1.9674420383184935e-07
1.0850000000000006,9.777805000833336e-07
1.0860000000000007,1.6703582825454441e-06
1.0870000000000006,3.920678498783889e-06
1.0880000000000007,1.8753371132733582e-06
1.0890000000000006,4.787394577855259e-06
1.0900000000000007,5.567464462602165e-07
1.0910000000000006,7.021015309640366e-08
1.0920000000000007,3.8190617636948457e-07
1.0930000000000006,2.2826456285602393e-06
1.0940000000000007,1.6274625101725377e-06
1.0950000000000006,6.345474331212629e-07
1.0960000000000008,6.978090447119382e-07
1.0970000000000006,2.5963923891785584e-06
1.0980000000000008,3.7856074021232977e-06
1.0990000000000006,2.251655370308208e-08
1.1000000000000008,5.73398019351075e-07
1.1010000000000006,1.9879626908019253e-06
1.1020000000000008,1.632320447760601e-06
1.1030000000000006,1.257851149380767e-06
1.1040000000000008,2.110077772348015e-06
1.1050000000000006,4.220335549335678e-06
1.1060000000000008,5.058612114960796e-07
1.1070000000000007,9.047611400882296e-07
1.1080000000000008,3.887597637245244e-08
1.1090000000000007,1.3793479543273903e-06
1.1100000000000008,3.698890667794717e-07
1.1110000000000007,7.25008615555883e-07
1.1120000000000008,3.356742217247737e-07
1.1130000000000007,1.3414809957285665e-06
1.1140000000000008,1.31371071352427e-06
1.1150000000000007,1.615700236020029e-06
1.1160000000000008,4.039065525303045e-06
1.1170000000000007,8.479154321904805e-07
1.1180000000000008,1.1468596551911027e-07
1.1190000000000007,2.464970248407001e-06
1.1200000000000008,1.8707722574350586e-06
1.1210000000000007,2.812676543529808e-06
1.1220000000000008,9.321149641851539e-07
1.1230000000000007,1.853958428929254e-07
1.1240000000000008,2.5650865943764807e-07
1.1250000000000007,8.667795351497607e-07
1.1260000000000008,3.688860385375574e-07
1.1270000000000007,8.461700863034504e-07
1.1280000000000008,2.866988608372565e-06
1.1290000000000007,1.9990998013167218e-06
1.1300000000000008,2.5454601507075415e-06
1.1310000000000007,1.4133301796273136e-06
1.1320000000000008,1.4960054414543143e-06
1.1330000000000007,6.029738415388188e-08
1.1340000000000008,2.9744708742365357e-06
1.1350000000000007,2.8418084574636935e-06
1.1360000000000008,1.2675179564778344e-06
1.1370000000000007,1.340748746602562e-06
1.1380000000000008,2.024932645386544e-06
1.1390000000000007,3.5136061303623197e-06
1.1400000000000008,2.3167733364483636e-06
1.1410000000000007,1.853220162418492e-06
1.1420000000000008,3.4820066471001997e-06
1.1430000000000007,3.0452600099728266e-06
1.1440000000000008,1.7949283548338846e-06
1.1450000000000007,5.68689665989239e-07
1.1460000000000008,2.503226091095597e-06
1.1470000000000007,2.1452805285104872e-08
1.1480000000000008,2.9126999330834807e-07
1.1490000000000007,3.572270676483914e-07
1.1500000000000008,1.702787606604845e-06
1.1510000000000007,3.593234382890281e-06
1.1520000000000008,3.0021996534670283e-06
1.1530000000000007,2.2974884436925775e-06
1.1540000000000008,1.2990923756566445e-06
1.1550000000000007,2.1885938194172436e-06
1.1560000000000008,1.6966765582335489e-06
1.1570000000000007,1.8973247811419558e-06
1.1580000000000008,6.47392495037762e-08
1.1590000000000007,2.8032833445005034e-06
1.1600000000000008,2.565799873777549e-06
1.1610000000000007,1.9986027145637014e-06
1.1620000000000008,9.408258936214038e-07
1.1630000000000007,1.4243855604601746e-06
1.1640000000000008,5.676760467722311e-07
1.1650000000000007,1.2281027968521754e-06
1.1660000000000008,3.3809863055609337e-06
1.1670000000000007,2.4686611715766783e-06
1.1680000000000008,1.201826480720549e-06
1.1690000000000007,7.107012166568818e-07
1.1700000000000008,7.700290518230785e-07
1.1710000000000007,9.873484517989254e-07
1.1720000000000008,2.034821145455904e-06
1.1730000000000007,3.829953461539974e-07
1.1740000000000008,3.2436978807761983e-07
1.1750000000000007,5.367171107831298e-07
1.1760000000000008,2.659237365018235e-06
1.1770000000000007,2.6520321906012154e-06
1.1780000000000008,2.172480445373919e-06
1.1790000000000007,2.96498404762779e-06
1.1800000000000008,2.498023767600863e-06
1.1810000000000007,1.6109929676504543e-06
1.1820000000000008,3.0775850312342846e-06
1.1830000000000007,1.2401561155308285e-06
1.1840000000000008,1.4839274149122473e-06
1.1850000000000007,2.545241815970443e-06
1.1860000000000008,3.269903987534537e-06
1.1870000000000007,2.075730283232034e-06
1.1880000000000008,1.7331340525511222e-06
1.1890000000000007,1.0484231803239115e-06
1.1900000000000008,3.3007761284353155e-07
1.1910000000000007,3.3843495017375907e-07
1.1920000000000008,2.161306360115835e-06
1.1930000000000007,1.452806011452274e-06
1.1940000000000008,7.703141548310512e-07
1.1950000000000007,5.929961412246129e-07
1.1960000000000008,1.094224503788683e-06
1.1970000000000007,2.1249511184158224e-06
1.1980000000000008,1.3342714507838058e-06
1.1990000000000007,1.2065139523395196e-06
1.2000000000000008,3.7162254335347284e-06
1.2010000000000007,4.396507493363431e-06
1.2020000000000008,2.3514393832025157e-06
1.2030000000000007,1.7634066954851751e-06
1.2040000000000008,6.032266890923698e-07
1.2050000000000007,1.7335003813311517e-08
1.2060000000000008,4.1583244379896563e-07
1.2070000000000007,9.259653971195187e-07
1.2080000000000009,1.1674431298021077e-06
1.2090000000000007,4.404340734441417e-06
1.2100000000000009,4.515048385471962e-06
1.2110000000000007,4.223454790964422e-06
1.2120000000000009,3.960189139337383e-06
1.2130000000000007,2.7193638844820533e-06
1.2140000000000009,4.647339761403498e-07
1.2150000000000007,2.2986162944324377e-07
1.2160000000000009,1.0353653230998016e-06
1.2170000000000007,2.7871124913534076e-06
1.2180000000000009,2.9935406791157365e-06
1.2190000000000007,1.3737766933150447e-06
1.2200000000000009,1.2645116196593546e-06
1.2210000000000008,1.897417097582308e-06
1.2220000000000009,4.5010735660666395e-06
1.2230000000000008,2.689031999254899e-06
1.2240000000000009,1.3608608701535026e-06
1.2250000000000008,1.1176796425725644e-06
1.2260000000000009,1.5554733373905164e-06
1.2270000000000008,2.6738158320106933e-06
1.2280000000000009,2.2921695397615898e-06
1.2290000000000008,3.2352432553943263e-06
1.2300000000000009,3.2607238848364677e-06
1.2310000000000008,3.1769509346088824e-06
1.2320000000000009,4.601999667027919e-06
1.2330000000000008,2.1548077025918332e-06
1.2340000000000009,9.99863780596639e-08
1.2350000000000008,4.6190662644353326e-06
1.2360000000000009,4.327417136380656e-06
1.2370000000000008,9.01183762834303e-07
1.2380000000000009,1.1533656726393551e-06
1.2390000000000008,1.5161603802356253e-06
1.2400000000000009,3.226607820738763e-06
1.2410000000000008,5.256973232428826e-06
1.2420000000000009,2.4501406156553283e-06
1.2430000000000008,4.94092722823073e-07
1.2440000000000009,2.77837953260604e-06
1.2450000000000008,3.870013119419592e-06
1.2460000000000009,4.32273653618368e-06
1.2470000000000008,4.4180304102788795e-06
1.2480000000000009,3.115359271034514e-06
1.2490000000000008,3.7694296654142315e-06
1.2500000000000009,4.864895837750657e-06
1.2510000000000008,4.4829396251256454e-06
1.252000000000001,4.270960156450825e-06
1.2530000000000008,5.254624699591345e-06
1.254000000000001,4.687780146154118e-06
1.2550000000000008,3.5007137847255246e-06
1.256000000000001,2.3369875611695196e-06
1.2570000000000008,1.1560992515922202e-06
1.258000000000001,2.627771804076256e-06
1.2590000000000008,2.7133086500582663e-06
1.260000000000001,3.323171830472798e-06
1.2610000000000008,4.558075924218998e-06
1.262000000000001,4.084548585101027e-06
1.2630000000000008,2.86511015944775e-06
1.264000000000001,5.743187570207176e-07
1.2650000000000008,3.951732921189441e-06
1.266000000000001,6.110154035979513e-06
1.2670000000000008,4.287444157414592e-06
1.268000000000001,3.5613377371283997e-06
1.2690000000000008,5.421149932420976e-06
1.270000000000001,3.1662547870045203e-06
1.2710000000000008,3.3590117897773364e-06
1.272000000000001,6.023162443261668e-06
1.2730000000000008,5.67505737012684e-06
1.274000000000001,3.4539948845777065e-06
1.2750000000000008,3.2590325627664935e-06
1.276000000000001,5.4607065875062465e-06
1.2770000000000008,5.393589543787226e-06
1.278000000000001,5.175619050456866e-06
1.2790000000000008,4.8787456666882336e-06
1.280000000000001,5.920991453510132e-06
1.2810000000000008,5.171478544578385e-06
1.282000000000001,6.034192049953594e-06
1.2830000000000008,6.760680230759682e-06
1.284000000000001,5.8434872059075375e-06
1.2850000000000008,6.939356283463246e-06
1.286000000000001,8.36738186353479e-06
1.2870000000000008,7.389781641517829e-06
1.288000000000001,5.703025941373088e-06
1.2890000000000008,7.075169428414686e-06
1.290000000000001,6.765511663319684e-06
1.2910000000000008,6.899232007537803e-06
1.292000000000001,7.707998293481474e-06
1.2930000000000008,8.143917639803548e-06
1.294000000000001,6.963414563023983e-06
1.2950000000000008,6.591014154494707e-06
1.296000000000001,6.9735663066347826e-06
1.2970000000000008,9.157944778918963e-06
1.298000000000001,8.722247395425354e-06
1.2990000000000008,8.791744964598043e-06
1.300000000000001,1.0649071406673454e-05
1.3010000000000008,1.0275885384776971e-05
1.302000000000001,8.101742535411814e-06
1.3030000000000008,8.728161654393918e-06
1.304000000000001,9.656908164293664e-06
1.3050000000000008,1.133666745015422e-05
1.306000000000001,1.1139513883305264e-05
1.3070000000000008,1.0147538265757097e-05
1.308000000000001,1.1386325210992871e-05
1.3090000000000008,1.151307090572788e-05
1.310000000000001,1.0143358391162655e-05
1.3110000000000008,1.001054574643577e-05
1.312000000000001,1.417926316619589e-05
1.3130000000000008,1.4239697031677128e-05
1.314000000000001,1.3234577498780014e-05
1.3150000000000008,1.5167699618764523e-05
1.316000000000001,1.2043233734962162e-05
1.3170000000000008,1.1750409901948009e-05
1.318000000000001,1.2117908261064541e-05
1.3190000000000008,1.4053869179024745e-05
1.320000000000001,1.4116478562246207e-05
1.3210000000000008,1.48439178618433e-05
1.322000000000001,1.660496150675116e-05
1.3230000000000008,1.4926256526423624e-05
1.324000000000001,1.7103516104156054e-05
1.3250000000000008,1.8912626024613978e-05
1.326000000000001,1.966485954983896e-05
1.3270000000000008,1.924476097929042e-05
1.328000000000001,1.870413270045257e-05
1.3290000000000008,2.04557518157536e-05
1.330000000000001,2.1641338762476236e-05
1.3310000000000008,2.258918950611231e-05
1.332000000000001,1.9509947253269156e-05
1.3330000000000009,2.157970776999004e-05
1.334000000000001,2.3418468621668243e-05
1.3350000000000009,2.6132945747185952e-05
1.336000000000001,2.7498043313994894e-05
1.3370000000000009,2.8739755555203787e-05
1.338000000000001,2.690994893136946e-05
1.3390000000000009,2.8171903195476744e-05
1.340000000000001,3.161322186873286e-05
1.3410000000000009,3.2836136119757185e-05
1.342000000000001,3.081213329040044e-05
1.3430000000000009,3.0604328857043085e-05
1.344000000000001,3.2317533042993014e-05
1.3450000000000009,3.481426663793472e-05
1.346000000000001,3.773239670203216e-05
1.3470000000000009,3.667188387466278e-05
1.348000000000001,3.753266262741747e-05
1.3490000000000009,3.699316385249005e-05
1.350000000000001,3.989246191807803e-05
1.3510000000000009,3.672686341135748e-05
1.352000000000001,3.943067064254435e-05
1.3530000000000009,4.5197919350601846e-05
1.354000000000001,5.196062020589431e-05
1.3550000000000009,4.71016074292563e-05
1.356000000000001,4.4910411517902994e-05
1.3570000000000009,4.6381379413460165e-05
1.358000000000001,4.4296292491950166e-05
1.3590000000000009,4.713149244952441e-05
1.360000000000001,5.437587333772932e-05
1.3610000000000009,5.996916296433274e-05
1.362000000000001,6.155156751636833e-05
1.3630000000000009,6.147222003342461e-05
1.364000000000001,6.342636502585461e-05
1.3650000000000009,7.002925909367836e-05
1.366000000000001,6.823630962803749e-05
1.3670000000000009,7.39636830368644e-05
1.368000000000001,8.065004502225568e-05
1.3690000000000009,8.66521274769944e-05
1.370000000000001,9.411980025698433e-05
1.3710000000000009,9.642874574616426e-05
1.372000000000001,9.75037963412872e-05
1.3730000000000009,0.00010509588260494113
1.374000000000001,0.00011206182458722697
1.3750000000000009,0.00010755898109693228
1.376000000000001,0.00010831590217882623
1.377000000000001,9.679132505585356e-05
1.378000000000001,9.669022619125874e-05
1.379000000000001,0.00010657945054011838
1.380000000000001,0.000123835523040501
1.381000000000001,0.00014975640797092597
1.382000000000001,0.00015293437365646666
1.383000000000001,0.00014722936887693572
1.384000000000001,0.0001500995096342865
1.385000000000001,0.00015477457002416312
1.386000000000001,0.00017436693751255708
1.387000000000001,0.00018370369955174247
1.388000000000001,0.00019247808464340732
1.389000000000001,0.00019237884395261175
1.390000000000001,0.00020049315189930433
1.391000000000001,0.00020205978212658334
1.392000000000001,0.00020265177144270335
1.393000000000001,0.00023849895915931536
1.394000000000001,0.0002571968893542153
1.395000000000001,0.0002629276887848407
1.396000000000001,0.00023867710410999086
1.397000000000001,0.0002501242917835038
1.398000000000001,0.00029738432529483023
1.399000000000001,0.0003421972972979998
1.400000000000001,0.00035490879691933366
1.401000000000001,0.00031545383900090525
1.402000000000001,0.0010834258860618552
1.403000000000001,0.001065537789547561
1.404000000000001,0.0008319445494780653
1.405000000000001,0.0006762098716911461
1.406000000000001,0.0011679602509091483
1.407000000000001,0.004244122238151219
1.408000000000001,0.005454243033704801
1.409000000000001,0.001268052218810405
1.410000000000001,0.0011379173531701739
1.411000000000001,0.0008034444842927367
1.412000000000001,0.0012179384527328937
1.413000000000001,0.0010235193950190438
1.414000000000001,0.0003571851238283825
1.415000000000001,0.0007343600772414793
1.416000000000001,0.001010104669124219
1.417000000000001,0.0010044479265713482
1.418000000000001,0.0007286924628526296
1.419000000000001,0.0009112110863095135
1.420000000000001,0.0014497362917622666
1.421000000000001,0.00130633170253971
1.422000000000001,0.0013343453376636779
1.423000000000001,0.0012447894343765825
1.424000000000001,0.0013279511206121053
1.425000000000001,0.0016108654942157497
1.426000000000001,0.0017220327764629682
1.427000000000001,0.002010772826567206
1.428000000000001,0.0019450990957031228
1.429000000000001,0.0020730535064978706
1.430000000000001,0.0021915562806149517
1.431000000000001,0.0018559485736720322
1.432000000000001,0.0017532645543403098
1.433000000000001,0.0015896855014724588
1.434000000000001,0.002231202503869283
1.435000000000001,0.0027118111443694567
1.436000000000001,0.002883878665284456
1.437000000000001,0.003058700798222767
1.438000000000001,0.003296408492250442
1.439000000000001,0.003498746856147728
1.440000000000001,0.003796236091641478
1.441000000000001,0.003961783814375762
1.442000000000001,0.004063183186920728
1.443000000000001,0.004504915190583622
1.444000000000001,0.0048371660029162015
1.445000000000001,0.004962314295598235
1.446000000000001,0.00536219716365319
1.447000000000001,0.0057139849553108045
1.448000000000001,0.005900214836156733
1.449000000000001,0.00635800579565957
1.450000000000001,0.006467052556567987
1.451000000000001,0.006818707834177559
1.452000000000001,0.007196093684000381
1.453000000000001,0.0079618217970094
1.454000000000001,0.008393596016204763
1.455000000000001,0.008769675284702598
1.456000000000001,0.009268804591814221
1.457000000000001,0.009810879426515809
1.458000000000001,0.010444161792940955
1.459000000000001,0.011045677249632417
1.460000000000001,0.011921347759224236
1.461000000000001,0.012890630711537484
1.462000000000001,0.01406060569565629
1.463000000000001,0.015305809529348595
1.464000000000001,0.01624735214979631
1.465000000000001,0.01704481034482697
1.466000000000001,0.018203791383252402
1.467000000000001,0.019792997663714475
1.468000000000001,0.021065989139460787
1.469000000000001,0.02239254862848178
1.470000000000001,0.023817574769546664
1.471000000000001,0.025675328672193045
1.472000000000001,0.027638257599659023
1.473000000000001,0.02956968891529242
1.474000000000001,0.03181350557040566
1.475000000000001,0.03411133640365352
1.476000000000001,0.03640381337644895
1.477000000000001,0.03902378802912443
1.478000000000001,0.042140686014797556
1.479000000000001,0.045535848692756675
1.480000000000001,0.0487614515081447
1.481000000000001,0.05223352728961637
1.482000000000001,0.0561585491055936
1.483000000000001,0.060464002036864944
1.484000000000001,0.06493599869171902
1.485000000000001,0.06965879383497986
1.486000000000001,0.07502599950556975
1.487000000000001,0.08074045891829928
1.488000000000001,0.08712857940575904
1.489000000000001,0.09347980126308768
1.490000000000001,0.1002835414202651
1.491000000000001,0.10740933059355383
1.492000000000001,0.11457845922788715
1.493000000000001,0.12223505636952317
1.494000000000001,0.1313799490569259
1.495000000000001,0.1406937658201765
1.496000000000001,0.1508459424593234
1.497000000000001,0.16114754541551038
1.498000000000001,0.1716436532212865
1.499000000000001,0.18280770237371316
1.500000000000001,0.19474351069787812
1.501000000000001,0.20752427044411093
1.5020000000000011,0.22059664555946332
1.503000000000001,0.2340351045551717
1.5040000000000011,0.24814128437307634
1.505000000000001,0.26192101617737834
1.5060000000000011,0.2773996394169509
1.507000000000001,0.292672183491604
1.5080000000000011,0.30817236852937513
1.509000000000001,0.3239575235140262
1.5100000000000011,0.3392547152339952
1.511000000000001,0.3546052114027984
1.5120000000000011,0.3701287947774765
1.513000000000001,0.38559052842929337
1.5140000000000011,0.40115565548407245
1.515000000000001,0.416079698938196
1.5160000000000011,0.43060306410962224
1.517000000000001,0.44461518022659907
1.5180000000000011,0.4595213539294873
1.519000000000001,0.472579871546024
1.5200000000000011,0.4857844554665935
1.521000000000001,0.49804817561614245
1.5220000000000011,0.5101012870293609
1.523000000000001,0.5213096865966361
1.5240000000000011,0.5319223418461677
1.525000000000001,0.5411910209675183
1.5260000000000011,0.5508358724848619
1.527000000000001,0.5584095927398814
1.5280000000000011,0.5659106371588642
1.529000000000001,0.5734816667355124
1.5300000000000011,0.579471826970597
1.531000000000001,0.5843245787198992
1.5320000000000011,0.5896541582147089
1.533000000000001,0.5938547716955198
1.5340000000000011,0.597548998200432
1.535000000000001,0.601473449914765
1.5360000000000011,0.6043981881767833
1.537000000000001,0.6061889892766051
1.5380000000000011,0.608344155357317
1.539000000000001,0.6099620059039599
1.5400000000000011,0.6122241614932296
1.541000000000001,0.6120235924001445
1.5420000000000011,0.6128692586775037
1.543000000000001,0.6141253660197661
1.5440000000000011,0.6134127717697434
1.545000000000001,0.613281207778099
1.5460000000000012,0.6127401488579491
1.547000000000001,0.6128398589089432
1.5480000000000012,0.6132929029800227
1.549000000000001,0.6121649615252732
1.5500000000000012,0.6117010430367297
1.551000000000001,0.6105856572727749
1.5520000000000012,0.6096666159836402
1.553000000000001,0.6096090517088614
1.5540000000000012,0.6080523774680114
1.555000000000001,0.6074199167608926
1.5560000000000012,0.6071322895246909
1.557000000000001,0.6052880083935579
1.5580000000000012,0.6048249703662932
1.559000000000001,0.6033033645198459
1.5600000000000012,0.603078322693983
1.561000000000001,0.6040433155877459
1.5620000000000012,0.6025177101731057
1.563000000000001,0.6025391580076219
1.5640000000000012,0.6022305403888986
1.565000000000001,0.6020513059734102
1.5660000000000012,0.6022757844852878
1.567000000000001,0.6017667028863232
1.5680000000000012,0.6020025058519404
1.569000000000001,0.6023260615619181
1.5700000000000012,0.6032362587552762
1.571000000000001,0.6031952965058421
1.5720000000000012,0.6040994126597238
1.573000000000001,0.6051216498261857
1.5740000000000012,0.6057577465176956
1.575000000000001,0.6069332753227307
1.5760000000000012,0.607676845290596
1.577000000000001,0.608488157855471
1.5780000000000012,0.609678256275278
1.579000000000001,0.6115516065676124
1.5800000000000012,0.612706962024654
1.581000000000001,0.614263871285849
1.5820000000000012,0.6154155816584727
1.583000000000001,0.6172539604455041
1.5840000000000012,0.617431836667383
1.585000000000001,0.6187444437388974
1.5860000000000012,0.6209972940740983
1.587000000000001,0.6226758551072892
1.5880000000000012,0.6236242923531509
1.589000000000001,0.625001860327643
1.5900000000000012,0.6258242810440021
1.591000000000001,0.6267830225183891
1.5920000000000012,0.6277996632403486
1.593000000000001,0.6282452834011353
1.5940000000000012,0.6292616532772854
1.595000000000001,0.6292638468631699
1.5960000000000012,0.6288167138360437
1.597000000000001,0.6274365030028043
1.5980000000000012,0.6255553693216019
1.599000000000001,0.6270797257248236
1.6000000000000012,0.6266730654088859
1.601000000000001,0.62414895183749
1.6020000000000012,0.6220663886486488
1.603000000000001,0.6218614310617342
1.6040000000000012,0.6188827033177984
1.605000000000001,0.6158269664166968
1.6060000000000012,0.6111597603274519
1.607000000000001,0.606513501481067
1.6080000000000012,0.6054507491971435
1.609000000000001,0.5983799985806088
1.6100000000000012,0.589926600507587
1.611000000000001,0.5799614060670122
1.6120000000000012,0.5784425911926347
1.613000000000001,0.5670009390881391
1.6140000000000012,0.5502552473466826
1.615000000000001,0.5319697653396965
1.6160000000000012,0.5085566516133878
1.617000000000001,0.502301852581539
1.6180000000000012,0.47385228147125197
1.619000000000001,0.4395078365814555
1.6200000000000012,0.4005272750915512
1.621000000000001,0.37744686725318494
1.6220000000000012,0.3669989912026537
1.623000000000001,0.3226180550286924
1.6240000000000012,0.2886137073005975
1.625000000000001,0.2538919462731401
1.6260000000000012,0.24487621845886248
1.6270000000000011,0.2293344556013226
1.6280000000000012,0.2017325211200911
1.6290000000000011,0.18150563481905382
1.6300000000000012,0.16094958747546534
1.6310000000000011,0.1594858480733442
1.6320000000000012,0.14443135209801888
1.6330000000000011,0.12893687625144823
1.6340000000000012,0.12068952828482865
1.6350000000000011,0.1079340145754165
1.6360000000000012,0.10618175553974724
1.6370000000000011,0.09801305307569068
1.6380000000000012,0.09142573279461089
1.6390000000000011,0.08543846556723259
1.6400000000000012,0.08477915420740943
1.6410000000000011,0.07653920840667075
1.6420000000000012,0.07161346806930474
1.6430000000000011,0.06716701461973967
1.6440000000000012,0.061943887469620436
1.6450000000000011,0.061721777206668806
1.6460000000000012,0.05730577786911555
1.6470000000000011,0.05403329477732718
1.6480000000000012,0.0503703360487872
1.6490000000000011,0.04696827887943937
1.6500000000000012,0.04632941939497728
1.6510000000000011,0.04402528262321273
1.6520000000000012,0.04096073164945872
1.6530000000000011,0.03825318157130862
1.6540000000000012,0.03787706304595573
1.6550000000000011,0.03556165555815125
1.6560000000000012,0.03286756174294089
1.6570000000000011,0.03056959808331521
1.6580000000000013,0.02847376693996364
1.6590000000000011,0.02786516240128715
1.6600000000000013,0.026938718694961138
1.6610000000000011,0.024957544779725813
1.6620000000000013,0.023281664043634773
1.6630000000000011,0.02192862895443525
1.6640000000000013,0.021728105178332888
1.6650000000000011,0.020039901082069055
1.6660000000000013,0.018379285478498122
1.6670000000000011,0.017013213332297297
1.6680000000000013,0.01713341549608589
1.6690000000000011,0.016363828166863506
1.6700000000000013,0.015447577289877517
1.6710000000000012,0.014542766486017234
1.6720000000000013,0.013184073903068744
1.6730000000000012,0.012569957043904656
1.6740000000000013,0.011843939229556273
1.6750000000000012,0.01093702942279252
1.6760000000000013,0.01077321914641299
1.6770000000000012,0.009575657876479538
1.6780000000000013,0.009562015403849369
1.6790000000000012,0.008809269044442522
1.6800000000000013,0.008056888559955835
1.6810000000000012,0.007675325009630675
1.6820000000000013,0.0073007282682470325
1.6830000000000012,0.006708850109828279
1.6840000000000013,0.00655176599618031
1.6850000000000012,0.0063568655573464205
1.6860000000000013,0.005800241740550321
1.6870000000000012,0.005793062800112104
1.6880000000000013,0.005059759174108162
1.6890000000000012,0.005051161462477672
1.6900000000000013,0.0048636003751008315
1.6910000000000012,0.004314390786217264
1.6920000000000013,0.004306250469384675
1.6930000000000012,0.00358216333387633
1.6940000000000013,0.0035752197774800393
1.6950000000000012,0.0035695045179015656
1.6960000000000013,0.0035646458673731156
1.6970000000000012,0.0035581225804857774
1.6980000000000013,0.0028415094533940795
1.6990000000000012,0.0028373913984945523
1.7000000000000013,0.0028316532321027463
1.7010000000000012,0.0028270044933233433
1.7020000000000013,0.0028211367493452925
1.7030000000000012,0.0021130886441240388
1.7040000000000013,0.002671097433055742
1.7050000000000012,0.0021064169009736137
1.7060000000000013,0.0023827801194110754
1.7070000000000012,0.0026592466343853764
1.7080000000000013,0.001398092633507293
1.7090000000000012,0.0019524557738330958
1.7100000000000013,0.0016717235678769813
1.7110000000000012,0.0013910558418119621
1.7120000000000013,0.002084738105711382
1.7130000000000012,0.002081870141080331
1.7140000000000013,0.0019059286678986432
1.7150000000000012,0.0013836492449844052
1.7160000000000013,0.001658300503729623
1.7170000000000012,0.00207079206496574
1.7180000000000013,0.0020685470201595017
1.7190000000000012,0.0018952098279615987
1.7200000000000013,0.0017213576005549176
1.7210000000000012,0.0013759052461248982
1.7220000000000013,0.001373840606980411
1.7230000000000012,0.0013718113359740259
1.7240000000000013,0.0013710743921720784
1.7250000000000012,0.00137018674131574
1.7260000000000013,0.0013692826080076979
1.7270000000000012,0.00136784546758655
1.7280000000000013,0.001366587880693038
1.7290000000000012,0.0013659056881729326
1.7300000000000013,0.0013655345168927199
1.7310000000000012,0.0013646052153046826
1.7320000000000013,0.0013645197843441595
1.7330000000000012,0.0013636901215966844
1.7340000000000013,0.0013632290603733403
1.7350000000000012,0.0013627688095100626
1.7360000000000013,0.0013621700782869162
1.7370000000000012,0.00136209490680974
1.7380000000000013,0.0013620109267319309
1.7390000000000012,0.0013617432876262073
1.7400000000000013,0.0013619974264151653
1.7410000000000012,0.0013630247017988525
1.7420000000000013,0.0013631131312898542
1.7430000000000012,0.0013629632576802983
1.7440000000000013,0.0013635917485674953
1.7450000000000012,0.0013630691648776462
1.7460000000000013,0.0013636325811150812
1.7470000000000012,0.0013646983940533363
1.7480000000000013,0.001365552332689265
1.7490000000000012,0.0013658234686077283
1.7500000000000013,0.0013664293225454567
1.7510000000000012,0.0013674010554737752
1.7520000000000013,0.0013676906382756888
1.7530000000000012,0.0013685115035016275
1.7540000000000013,0.0013709784228346394
1.7550000000000012,0.0013727669490368936
1.7560000000000013,0.0013727066711011885
1.7570000000000012,0.0013742663651592421
1.7580000000000013,0.0013755378367664218
1.7590000000000012,0.0013763400128180019
1.7600000000000013,0.0013781211139243515
1.7610000000000012,0.0013794934398230307
1.7620000000000013,0.0013815096443618603
1.7630000000000012,0.001383086240540008
1.7640000000000013,0.001384801513823915
1.7650000000000012,0.0013864701508010133
1.7660000000000013,0.001388319881472558
1.7670000000000012,0.0013902712636382256
1.7680000000000013,0.0013924366974316985
1.7690000000000012,0.00139542777437572
1.7700000000000014,0.0013972449682096513
1.7710000000000012,0.0013980923419109415
1.7720000000000014,0.0014003913119886528
1.7730000000000012,0.0014024625678152752
1.7740000000000014,0.0014048190119103352
1.7750000000000012,0.0014074387883675034
1.7760000000000014,0.0014091327745598219
1.7770000000000012,0.0014116300848733686
1.7780000000000014,0.0014139265952242016
1.7790000000000012,0.0014161510218267176
1.7800000000000014,0.0014186779410515812
1.7810000000000012,0.0014207609720980937
1.7820000000000014,0.0014235292365142472
1.7830000000000013,0.001425402184864878
1.7840000000000014,0.0014273276872142824
1.7850000000000013,0.0014298911196116589
1.7860000000000014,0.0014334052491497239
1.7870000000000013,0.0014362601289080136
1.7880000000000014,0.001438926274715908
1.7890000000000013,0.0014410099985235304
1.7900000000000014,0.0014429816594767535
1.7910000000000013,0.0014453501313244743
1.7920000000000014,0.001447770349190907
1.7930000000000013,0.0014503139390878038
1.7940000000000014,0.0014530156553186667
1.7950000000000013,0.0014551378674707667
1.7960000000000014,0.001457647603130546
1.7970000000000013,0.0014599395493698887
1.7980000000000014,0.0014624286178365315
1.7990000000000013,0.0014650905008580502
1.8000000000000014,0.0014669163733931358
1.8010000000000013,0.0014693138241127141
1.8020000000000014,0.0014718350480039978
1.8030000000000013,0.0014738956557508933
1.8040000000000014,0.0014758742387496735
1.8050000000000013,0.0014782244053257807
1.8060000000000014,0.001480803720019611
1.8070000000000013,0.0014829591711094704
1.8080000000000014,0.0014847718416517836
1.8090000000000013,0.0014866917623085698
1.8100000000000014,0.0014880448436859247
1.8110000000000013,0.0014894751414967627
1.8120000000000014,0.0014915994904225072
1.8130000000000013,0.0014930659275319035
1.8140000000000014,0.0014950673258175666
1.8150000000000013,0.0014960946969604023
1.8160000000000014,0.0014971057730648108
1.8170000000000013,0.001498683804344982
1.8180000000000014,0.0015001391503364418
1.8190000000000013,0.0015013153011433286
1.8200000000000014,0.0015019419900767618
1.8210000000000013,0.0015034264751736743
1.8220000000000014,0.0015043773233117859
1.8230000000000013,0.0015049942776146216
1.8240000000000014,0.0015060589210088837
1.8250000000000013,0.0015059302109740329
1.8260000000000014,0.0015066204860195405
1.8270000000000013,0.0015073620257000488
1.8280000000000014,0.001506742051434767
1.8290000000000013,0.0015065413638968629
1.8300000000000014,0.0015063775585231506
1.8310000000000013,0.001506567935927405
1.8320000000000014,0.0015082495113458228
1.8330000000000013,0.0015080641739153749
1.8340000000000014,0.001506774773752481
1.8350000000000013,0.0015065941474133682
1.8360000000000014,0.0015064974164270936
1.8370000000000013,0.0015052512072199556
1.8380000000000014,0.001503695477728666
1.8390000000000013,0.0015028156683475707
1.8400000000000014,0.0015018867033928984
1.8410000000000013,0.0015012353858987917
1.8420000000000014,0.0015004743546402134
1.8430000000000013,0.0014991228550205163
1.8440000000000014,0.0014968042599347224
1.8450000000000013,0.0014944862625636177
1.8460000000000014,0.0014934503662043944
1.8470000000000013,0.0014919266517079274
1.8480000000000014,0.0014899423649310365
1.8490000000000013,0.0014882349106587504
1.8500000000000014,0.0014861427831385859
1.8510000000000013,0.001483339451698954
1.8520000000000014,0.0014817384665922757
1.8530000000000013,0.001479469210355642
1.8540000000000014,0.0014771768797555852
1.8550000000000013,0.0014753209051653637
1.8560000000000014,0.0014723269071149649
1.8570000000000013,0.001469507536807628
1.8580000000000014,0.0014662528161051083
1.8590000000000013,0.0014625209313940033
1.8600000000000014,0.0014604249825596195
1.8610000000000013,0.001457796371407408
1.8620000000000014,0.0014536625846254204
1.8630000000000013,0.0014506246464434818
1.8640000000000014,0.0014481685788883061
1.8650000000000013,0.0014445998248368702
1.8660000000000014,0.001440596804384143
1.8670000000000013,0.0014376800535060685
1.8680000000000014,0.0014339746990738103
1.8690000000000013,0.0014301515220365355
1.8700000000000014,0.0014279518988670242
1.8710000000000013,0.0014250459628966383
1.8720000000000014,0.0014210334428497258
1.8730000000000013,0.0014165835071576157
1.8740000000000014,0.0014121323225878403
1.8750000000000013,0.0014077207153328798
1.8760000000000014,0.0014036865687176055
1.8770000000000013,0.0014001760575434285
1.8780000000000014,0.0013964863109988757
1.8790000000000013,0.001391923897093975
1.8800000000000014,0.0013878642204625336
1.8810000000000013,0.0013836817966073201
1.8820000000000014,0.0013804439074408233
1.8830000000000013,0.0013767783684043864
1.8840000000000015,0.0013718776985945065
1.8850000000000013,0.0013674727648966159
1.8860000000000015,0.0013638523456942107
1.8870000000000013,0.0013603424135736491
1.8880000000000015,0.001355916769497913
1.8890000000000013,0.0013511151932694438
1.8900000000000015,0.0013468616517524692
1.8910000000000013,0.001343376831226925
1.8920000000000015,0.0013391727513645134
1.8930000000000013,0.0013342314192277124
1.8940000000000015,0.0013301017779840565
1.8950000000000014,0.0013261558001979009
1.8960000000000015,0.0013220734984214688
1.8970000000000014,0.0013172715538580391
1.8980000000000015,0.0013140369964980713
1.8990000000000014,0.0013096100604998852
1.9000000000000015,0.0013070273930087823
1.9010000000000014,0.0013024360612276487
1.9020000000000015,0.0012975871074807463
1.9030000000000014,0.0012935541960447353
1.9040000000000015,0.001289938902988437
1.9050000000000014,0.0012861352256430337
1.9060000000000015,0.001281702003168374
1.9070000000000014,0.0012785814576988558
1.9080000000000015,0.0012751609667651666
1.9090000000000014,0.0012707934374623548
1.9100000000000015,0.0012670891410412072
1.9110000000000014,0.0012640847954835483
1.9120000000000015,0.001260164635911341
1.9130000000000014,0.0012570087601874549
1.9140000000000015,0.001253530756027719
1.9150000000000014,0.0012509994208548493
1.9160000000000015,0.0012480611897391306
1.9170000000000014,0.0012448354595795484
1.9180000000000015,0.0012420448732987754
1.9190000000000014,0.001238674151802013
1.9200000000000015,0.0012341336400288785
1.9210000000000014,0.0012318271924991046
1.9220000000000015,0.0012280224054130452
1.9230000000000014,0.001226136436281653
1.9240000000000015,0.0012245037883844108
1.9250000000000014,0.0012209976096520313
1.9260000000000015,0.0012172178669823536
1.9270000000000014,0.0012139600934105018
1.9280000000000015,0.0012117204788458997
1.9290000000000014,0.0012088601428532106
1.9300000000000015,0.0012069148957857634
1.9310000000000014,0.0012046222584961705
1.9320000000000015,0.0012031427840248968
1.9330000000000014,0.0012005333647619263
1.9340000000000015,0.0011968653991696722
1.9350000000000014,0.0011944899461591029
1.9360000000000015,0.001193394376513943
1.9370000000000014,0.001191402542994819
1.9380000000000015,0.0011890917638300745
1.9390000000000014,0.001187679445179326
1.9400000000000015,0.0011855903236881564
1.9410000000000014,0.0011837580566098223
1.9420000000000015,0.00118162106074925
1.9430000000000014,0.0011792768071349302
1.9440000000000015,0.001177556536855753
1.9450000000000014,0.0011771716228977118
1.9460000000000015,0.0011753304756106835
1.9470000000000014,0.0011735414551188538
1.9480000000000015,0.0011720703022747294
1.9490000000000014,0.0011698674308511419
1.9500000000000015,0.0011687174457819523
1.9510000000000014,0.0011688843987982852
1.9520000000000015,0.0011676473009186175
1.9530000000000014,0.0011654777597982897
1.9540000000000015,0.0011636463082466367
1.9550000000000014,0.0011638454791140437
1.9560000000000015,0.001164915223769188
1.9570000000000014,0.0011622962057397073
1.9580000000000015,0.0011601628109739902
1.9590000000000014,0.0011591162687427676
1.9600000000000015,0.0011593182650158358
1.9610000000000014,0.001160390606641451
1.9620000000000015,0.0011579898838641955
1.9630000000000014,0.0011574821461585246
1.9640000000000015,0.0011581676965644844
1.9650000000000014,0.0011566884922772761
1.9660000000000015,0.0011556716461696456
1.9670000000000014,0.0011570853299058025
1.9680000000000015,0.0011557955005872522
1.9690000000000014,0.0011570474263867753
1.9700000000000015,0.0011553477293817314
1.9710000000000014,0.0011553302718180492
1.9720000000000015,0.0011547950623640262
1.9730000000000014,0.0011567986593313728
1.9740000000000015,0.001155898433182749
1.9750000000000014,0.0011551553633824974
1.9760000000000015,0.0011555198762060567
1.9770000000000014,0.001157306987886507
1.9780000000000015,0.0011567920263753665
1.9790000000000014,0.0011569344402239106
1.9800000000000015,0.0011573344707709726
1.9810000000000014,0.0011569436897144504
1.9820000000000015,0.0011600048448279663
1.9830000000000014,0.001159320858797417
1.9840000000000015,0.00116008235738704
1.9850000000000014,0.0011609720628221016
1.9860000000000015,0.0011617098577986916
1.9870000000000014,0.0011626468213695315
1.9880000000000015,0.0011634282886389049
1.9890000000000014,0.0011643451323171679
1.9900000000000015,0.0011666353423746962
1.9910000000000014,0.0011684445824621042
1.9920000000000015,0.0011686019597534204
1.9930000000000014,0.0011699688889862596
1.9940000000000015,0.0011713825924962648
1.9950000000000014,0.0011728794435209374
1.9960000000000016,0.0011741871982649478
1.9970000000000014,0.0011762116329946729
1.9980000000000016,0.0011772258615912223
1.9990000000000014,0.0011782462575391432
2.0000000000000013,0.0011802752424427178
2.0010000000000017,0.0011802752424427178
2.0020000000000016,0.0011802752424427178
2.0030000000000014,0.0011802752424427178
2.0040000000000013,0.0011802752424427178
2.0050000000000017,0.0011802752424427178
2.0060000000000016,0.0011802752424427178
2.0070000000000014,0.0011802752424427178
2.0080000000000013,0.0011802752424427178
2.0090000000000017,0.0011802752424427178
2.0100000000000016,0.0011802752424427178
2.0110000000000015,0.0011802752424427178
2.0120000000000013,0.0011802752424427178
2.0130000000000017,0.0011802752424427178
2.0140000000000016,0.0011802752424427178
2.0150000000000015,0.0011802752424427178
2.0160000000000013,0.0011802752424427178
2.0170000000000017,0.0011802752424427178
2.0180000000000016,0.0011802752424427178
2.0190000000000015,0.0011802752424427178
2.0200000000000014,0.0011802752424427178
2.0210000000000017,0.0011802752424427178
2.0220000000000016,0.0011802752424427178
2.0230000000000015,0.0011802752424427178
2.0240000000000014,0.0011802752424427178
2.0250000000000017,0.0011802752424427178
2.0260000000000016,0.0011802752424427178
2.0270000000000015,0.0011802752424427178
2.0280000000000014,0.0011802752424427178
2.0290000000000017,0.0011802752424427178
2.0300000000000016,0.0011802752424427178
2.0310000000000015,0.0011802752424427178
2.0320000000000014,0.0011802752424427178
2.0330000000000017,0.0011802752424427178
2.0340000000000016,0.0011802752424427178
2.0350000000000015,0.0011802752424427178
2.0360000000000014,0.0011802752424427178
2.0370000000000017,0.0011802752424427178
2.0380000000000016,0.0011802752424427178
2.0390000000000015,0.0011802752424427178
2.0400000000000014,0.0011802752424427178
2.0410000000000017,0.0011802752424427178
2.0420000000000016,0.0011802752424427178
2.0430000000000015,0.0011802752424427178
2.0440000000000014,0.0011802752424427178
2.0450000000000017,0.0011802752424427178
2.0460000000000016,0.0011802752424427178
2.0470000000000015,0.0011802752424427178
2.0480000000000014,0.0011802752424427178
2.0490000000000017,0.0011802752424427178
2.0500000000000016,0.0011802752424427178
2.0510000000000015,0.0011802752424427178
2.0520000000000014,0.0011802752424427178
2.0530000000000017,0.0011802752424427178
2.0540000000000016,0.0011802752424427178
2.0550000000000015,0.0011802752424427178
2.0560000000000014,0.0011802752424427178
2.0570000000000017,0.0011802752424427178
2.0580000000000016,0.0011802752424427178
2.0590000000000015,0.0011802752424427178
2.0600000000000014,0.0011802752424427178
2.0610000000000017,0.0011802752424427178
2.0620000000000016,0.0011802752424427178
2.0630000000000015,0.0011802752424427178
2.0640000000000014,0.0011802752424427178
2.0650000000000017,0.0011802752424427178
2.0660000000000016,0.0011802752424427178
2.0670000000000015,0.0011802752424427178
2.0680000000000014,0.0011802752424427178
2.0690000000000017,0.0011802752424427178
2.0700000000000016,0.0011802752424427178
2.0710000000000015,0.0011802752424427178
2.0720000000000014,0.0011802752424427178
2.0730000000000017,0.0011802752424427178
2.0740000000000016,0.0011802752424427178
2.0750000000000015,0.0011802752424427178
2.0760000000000014,0.0011802752424427178
2.0770000000000017,0.0011802752424427178
2.0780000000000016,0.0011802752424427178
2.0790000000000015,0.0011802752424427178
2.0800000000000014,0.0011802752424427178
2.0810000000000017,0.0011802752424427178
2.0820000000000016,0.0011802752424427178
2.0830000000000015,0.0011802752424427178
2.0840000000000014,0.0011802752424427178
2.0850000000000017,0.0011802752424427178
2.0860000000000016,0.0011802752424427178
2.0870000000000015,0.0011802752424427178
2.0880000000000014,0.0011802752424427178
2.0890000000000017,0.0011802752424427178
2.0900000000000016,0.0011802752424427178
2.0910000000000015,0.0011802752424427178
2.0920000000000014,0.0011802752424427178
2.0930000000000017,0.0011802752424427178
2.0940000000000016,0.0011802752424427178
2.0950000000000015,0.0011802752424427178
2.0960000000000014,0.0011802752424427178
2.0970000000000018,0.0011802752424427178
2.0980000000000016,0.0011802752424427178
2.0990000000000015,0.0011802752424427178
2.1000000000000014,0.0011802752424427178
2.1010000000000018,0.0011802752424427178
2.1020000000000016,0.0011802752424427178
2.1030000000000015,0.0011802752424427178
2.1040000000000014,0.0011802752424427178
2.1050000000000018,0.0011802752424427178
2.1060000000000016,0.0011802752424427178
2.1070000000000015,0.0011802752424427178
2.1080000000000014,0.0011802752424427178
2.1090000000000018,0.0011802752424427178
2.1100000000000017,0.0011802752424427178
2.1110000000000015,0.0011802752424427178
2.1120000000000014,0.0011802752424427178
2.1130000000000018,0.0011802752424427178
2.1140000000000017,0.0011802752424427178
2.1150000000000015,0.0011802752424427178
2.1160000000000014,0.0011802752424427178
2.1170000000000018,0.0011802752424427178
2.1180000000000017,0.0011802752424427178
2.1190000000000015,0.0011802752424427178
2.1200000000000014,0.0011802752424427178
2.1210000000000018,0.0011802752424427178
2.1220000000000017,0.0011802752424427178
2.1230000000000016,0.0011802752424427178
2.1240000000000014,0.0011802752424427178
2.1250000000000018,0.0011802752424427178
2.1260000000000017,0.0011802752424427178
2.1270000000000016,0.0011802752424427178
2.1280000000000014,0.0011802752424427178
2.129000000000002,0.0011802752424427178
2.1300000000000017,0.0011802752424427178
2.1310000000000016,0.0011802752424427178
2.1320000000000014,0.0011802752424427178
2.133000000000002,0.0011802752424427178
2.1340000000000017,0.0011802752424427178
2.1350000000000016,0.0011802752424427178
2.1360000000000015,0.0011802752424427178
2.137000000000002,0.0011802752424427178
2.1380000000000017,0.0011802752424427178
2.1390000000000016,0.0011802752424427178
2.1400000000000015,0.0011802752424427178
2.141000000000002,0.0011802752424427178
2.1420000000000017,0.0011802752424427178
2.1430000000000016,0.0011802752424427178
2.1440000000000015,0.0011802752424427178
2.145000000000002,0.0011802752424427178
2.1460000000000017,0.0011802752424427178
2.1470000000000016,0.0011802752424427178
2.1480000000000015,0.0011802752424427178
2.149000000000002,0.0011802752424427178
2.1500000000000017,0.0011802752424427178
2.1510000000000016,0.0011802752424427178
2.1520000000000015,0.0011802752424427178
2.153000000000002,0.0011802752424427178
2.1540000000000017,0.0011802752424427178
2.1550000000000016,0.0011802752424427178
2.1560000000000015,0.0011802752424427178
2.157000000000002,0.0011802752424427178
2.1580000000000017,0.0011802752424427178
2.1590000000000016,0.0011802752424427178
2.1600000000000015,0.0011802752424427178
2.161000000000002,0.0011802752424427178
2.1620000000000017,0.0011802752424427178
2.1630000000000016,0.0011802752424427178
2.1640000000000015,0.0011802752424427178
2.165000000000002,0.0011802752424427178
2.1660000000000017,0.0011802752424427178
2.1670000000000016,0.0011802752424427178
2.1680000000000015,0.0011802752424427178
2.169000000000002,0.0011802752424427178
2.1700000000000017,0.0011802752424427178
2.1710000000000016,0.0011802752424427178
2.1720000000000015,0.0011802752424427178
2.173000000000002,0.0011802752424427178
2.1740000000000017,0.0011802752424427178
2.1750000000000016,0.0011802752424427178
2.1760000000000015,0.0011802752424427178
2.177000000000002,0.0011802752424427178
2.1780000000000017,0.0011802752424427178
2.1790000000000016,0.0011802752424427178
2.1800000000000015,0.0011802752424427178
2.181000000000002,0.0011802752424427178
2.1820000000000017,0.0011802752424427178
2.1830000000000016,0.0011802752424427178
2.1840000000000015,0.0011802752424427178
2.185000000000002,0.0011802752424427178
2.1860000000000017,0.0011802752424427178
2.1870000000000016,0.0011802752424427178
2.1880000000000015,0.0011802752424427178
2.189000000000002,0.0011802752424427178
2.1900000000000017,0.0011802752424427178
2.1910000000000016,0.0011802752424427178
2.1920000000000015,0.0011802752424427178
2.193000000000002,0.0011802752424427178
2.1940000000000017,0.0011802752424427178
2.1950000000000016,0.0011802752424427178
2.1960000000000015,0.0011802752424427178
2.197000000000002,0.0011802752424427178
2.1980000000000017,0.0011802752424427178
2.1990000000000016,0.0011802752424427178
2.2000000000000015,0.0011802752424427178
2.201000000000002,0.0011802752424427178
2.2020000000000017,0.0011802752424427178
2.2030000000000016,0.0011802752424427178
2.2040000000000015,0.0011802752424427178
2.205000000000002,0.0011802752424427178
2.2060000000000017,0.0011802752424427178
2.2070000000000016,0.0011802752424427178
2.2080000000000015,0.0011802752424427178
2.209000000000002,0.0011802752424427178
2.2100000000000017,0.0011802752424427178
2.2110000000000016,0.0011802752424427178
2.2120000000000015,0.0011802752424427178
2.213000000000002,0.0011802752424427178
2.2140000000000017,0.0011802752424427178
2.2150000000000016,0.0011802752424427178
2.2160000000000015,0.0011802752424427178
2.217000000000002,0.0011802752424427178
2.2180000000000017,0.0011802752424427178
2.2190000000000016,0.0011802752424427178
2.2200000000000015,0.0011802752424427178
2.221000000000002,0.0011802752424427178
2.2220000000000018,0.0011802752424427178
2.2230000000000016,0.0011802752424427178
2.2240000000000015,0.0011802752424427178
2.225000000000002,0.0011802752424427178
2.2260000000000018,0.0011802752424427178
2.2270000000000016,0.0011802752424427178
2.2280000000000015,0.0011802752424427178
2.229000000000002,0.0011802752424427178
2.2300000000000018,0.0011802752424427178
2.2310000000000016,0.0011802752424427178
2.2320000000000015,0.0011802752424427178
2.233000000000002,0.0011802752424427178
2.2340000000000018,0.0011802752424427178
2.2350000000000017,0.0011802752424427178
2.2360000000000015,0.0011802752424427178
2.237000000000002,0.0011802752424427178
2.2380000000000018,0.0011802752424427178
2.2390000000000017,0.0011802752424427178
2.2400000000000015,0.0011802752424427178
2.241000000000002,0.0011802752424427178
2.2420000000000018,0.0011802752424427178
2.2430000000000017,0.0011802752424427178
2.2440000000000015,0.0011802752424427178
2.245000000000002,0.0011802752424427178
2.2460000000000018,0.0011802752424427178
2.2470000000000017,0.0011802752424427178
2.2480000000000016,0.0011802752424427178
2.249000000000002,0.0011802752424427178
2.2500000000000018,0.0011802752424427178
2.2510000000000017,0.0011802752424427178
2.2520000000000016,0.0011802752424427178
2.253000000000002,0.0011802752424427178
2.254000000000002,0.0011802752424427178
2.2550000000000017,0.0011802752424427178
2.2560000000000016,0.0011802752424427178
2.257000000000002,0.0011802752424427178
2.258000000000002,0.0011802752424427178
2.2590000000000017,0.0011802752424427178
2.2600000000000016,0.0011802752424427178
2.261000000000002,0.0011802752424427178
2.262000000000002,0.0011802752424427178
2.2630000000000017,0.0011802752424427178
2.2640000000000016,0.0011802752424427178
2.265000000000002,0.0011802752424427178
2.266000000000002,0.0011802752424427178
2.2670000000000017,0.0011802752424427178
2.2680000000000016,0.0011802752424427178
2.269000000000002,0.0011802752424427178
2.270000000000002,0.0011802752424427178
2.2710000000000017,0.0011802752424427178
2.2720000000000016,0.0011802752424427178
2.273000000000002,0.0011802752424427178
2.274000000000002,0.0011802752424427178
2.2750000000000017,0.0011802752424427178
2.2760000000000016,0.0011802752424427178
2.277000000000002,0.0011802752424427178
2.278000000000002,0.0011802752424427178
2.2790000000000017,0.0011802752424427178
2.2800000000000016,0.0011802752424427178
2.281000000000002,0.0011802752424427178
2.282000000000002,0.0011802752424427178
2.2830000000000017,0.0011802752424427178
2.2840000000000016,0.0011802752424427178
2.285000000000002,0.0011802752424427178
2.286000000000002,0.0011802752424427178
2.2870000000000017,0.0011802752424427178
2.2880000000000016,0.0011802752424427178
2.289000000000002,0.0011802752424427178
2.290000000000002,0.0011802752424427178
2.2910000000000017,0.0011802752424427178
2.2920000000000016,0.0011802752424427178
2.293000000000002,0.0011802752424427178
2.294000000000002,0.0011802752424427178
2.2950000000000017,0.0011802752424427178
2.2960000000000016,0.0011802752424427178
2.297000000000002,0.0011802752424427178
2.298000000000002,0.0011802752424427178
2.2990000000000017,0.0011802752424427178
2.3000000000000016,0.0011802752424427178
2.301000000000002,0.0011802752424427178
2.302000000000002,0.0011802752424427178
2.3030000000000017,0.0011802752424427178
2.3040000000000016,0.0011802752424427178
2.305000000000002,0.0011802752424427178
2.306000000000002,0.0011802752424427178
2.3070000000000017,0.0011802752424427178
2.3080000000000016,0.0011802752424427178
2.309000000000002,0.0011802752424427178
2.310000000000002,0.0011802752424427178
2.3110000000000017,0.0011802752424427178
2.3120000000000016,0.0011802752424427178
2.313000000000002,0.0011802752424427178
2.314000000000002,0.0011802752424427178
2.3150000000000017,0.0011802752424427178
2.3160000000000016,0.0011802752424427178
2.317000000000002,0.0011802752424427178
2.318000000000002,0.0011802752424427178
2.3190000000000017,0.0011802752424427178
2.3200000000000016,0.0011802752424427178
2.321000000000002,0.0011802752424427178
2.322000000000002,0.0011802752424427178
2.3230000000000017,0.0011802752424427178
2.3240000000000016,0.0011802752424427178
2.325000000000002,0.0011802752424427178
2.326000000000002,0.0011802752424427178
2.3270000000000017,0.0011802752424427178
2.3280000000000016,0.0011802752424427178
2.329000000000002,0.0011802752424427178
2.330000000000002,0.0011802752424427178
2.3310000000000017,0.0011802752424427178
2.3320000000000016,0.0011802752424427178
2.333000000000002,0.0011802752424427178
2.334000000000002,0.0011802752424427178
2.3350000000000017,0.0011802752424427178
2.3360000000000016,0.0011802752424427178
2.337000000000002,0.0011802752424427178
2.338000000000002,0.0011802752424427178
2.3390000000000017,0.0011802752424427178
2.3400000000000016,0.0011802752424427178
2.341000000000002,0.0011802752424427178
2.342000000000002,0.0011802752424427178
2.3430000000000017,0.0011802752424427178
2.3440000000000016,0.0011802752424427178
2.345000000000002,0.0011802752424427178
2.346000000000002,0.0011802752424427178
2.3470000000000018,0.0011802752424427178
2.3480000000000016,0.0011802752424427178
2.349000000000002,0.0011802752424427178
2.350000000000002,0.0011802752424427178
2.3510000000000018,0.0011802752424427178
2.3520000000000016,0.0011802752424427178
2.353000000000002,0.0011802752424427178
2.354000000000002,0.0011802752424427178
2.3550000000000018,0.0011802752424427178
2.3560000000000016,0.0011802752424427178
2.357000000000002,0.0011802752424427178
2.358000000000002,0.0011802752424427178
2.3590000000000018,0.0011802752424427178
2.3600000000000017,0.0011802752424427178
2.361000000000002,0.0011802752424427178
2.362000000000002,0.0011802752424427178
2.3630000000000018,0.0011802752424427178
2.3640000000000017,0.0011802752424427178
2.365000000000002,0.0011802752424427178
2.366000000000002,0.0011802752424427178
2.3670000000000018,0.0011802752424427178
2.3680000000000017,0.0011802752424427178
2.369000000000002,0.0011802752424427178
2.370000000000002,0.0011802752424427178
2.3710000000000018,0.0011802752424427178
2.3720000000000017,0.0011802752424427178
2.373000000000002,0.0011802752424427178
2.374000000000002,0.0011802752424427178
2.3750000000000018,0.0011802752424427178
2.3760000000000017,0.0011802752424427178
2.377000000000002,0.0011802752424427178
2.378000000000002,0.0011802752424427178
2.379000000000002,0.0011802752424427178
2.3800000000000017,0.0011802752424427178
2.381000000000002,0.0011802752424427178
2.382000000000002,0.0011802752424427178
2.383000000000002,0.0011802752424427178
2.3840000000000017,0.0011802752424427178
2.385000000000002,0.0011802752424427178
2.386000000000002,0.0011802752424427178
2.387000000000002,0.0011802752424427178
2.3880000000000017,0.0011802752424427178
2.389000000000002,0.0011802752424427178
2.390000000000002,0.0011802752424427178
2.391000000000002,0.0011802752424427178
2.3920000000000017,0.0011802752424427178
2.393000000000002,0.0011802752424427178
2.394000000000002,0.0011802752424427178
2.395000000000002,0.0011802752424427178
2.3960000000000017,0.0011802752424427178
2.397000000000002,0.0011802752424427178
2.398000000000002,0.0011802752424427178
2.399000000000002,0.0011802752424427178
2.4000000000000017,0.0011802752424427178
2.401000000000002,0.0011802752424427178
2.402000000000002,0.0011802752424427178
2.403000000000002,0.0011802752424427178
2.4040000000000017,0.0011802752424427178
2.405000000000002,0.0011802752424427178
2.406000000000002,0.0011802752424427178
2.407000000000002,0.0011802752424427178
2.4080000000000017,0.0011802752424427178
2.409000000000002,0.0011802752424427178
2.410000000000002,0.0011802752424427178
2.411000000000002,0.0011802752424427178
2.4120000000000017,0.0011802752424427178
2.413000000000002,0.0011802752424427178
2.414000000000002,0.0011802752424427178
2.415000000000002,0.0011802752424427178
2.4160000000000017,0.0011802752424427178
2.417000000000002,0.0011802752424427178
2.418000000000002,0.0011802752424427178
2.419000000000002,0.0011802752424427178
2.4200000000000017,0.0011802752424427178
2.421000000000002,0.0011802752424427178
2.422000000000002,0.0011802752424427178
2.423000000000002,0.0011802752424427178
2.4240000000000017,0.0011802752424427178
2.425000000000002,0.0011802752424427178
2.426000000000002,0.0011802752424427178
2.427000000000002,0.0011802752424427178
2.4280000000000017,0.0011802752424427178
2.429000000000002,0.0011802752424427178
2.430000000000002,0.0011802752424427178
2.431000000000002,0.0011802752424427178
2.4320000000000017,0.0011802752424427178
2.433000000000002,0.0011802752424427178
2.434000000000002,0.0011802752424427178
2.435000000000002,0.0011802752424427178
2.4360000000000017,0.0011802752424427178
2.437000000000002,0.0011802752424427178
2.438000000000002,0.0011802752424427178
2.439000000000002,0.0011802752424427178
2.4400000000000017,0.0011802752424427178
2.441000000000002,0.0011802752424427178
2.442000000000002,0.0011802752424427178
2.443000000000002,0.0011802752424427178
2.4440000000000017,0.0011802752424427178
2.445000000000002,0.0011802752424427178
2.446000000000002,0.0011802752424427178
2.447000000000002,0.0011802752424427178
2.4480000000000017,0.0011802752424427178
2.449000000000002,0.0011802752424427178
2.450000000000002,0.0011802752424427178
2.451000000000002,0.0011802752424427178
2.4520000000000017,0.0011802752424427178
2.453000000000002,0.0011802752424427178
2.454000000000002,0.0011802752424427178
2.455000000000002,0.0011802752424427178
2.4560000000000017,0.0011802752424427178
2.457000000000002,0.0011802752424427178
2.458000000000002,0.0011802752424427178
2.459000000000002,0.0011802752424427178
2.4600000000000017,0.0011802752424427178
2.461000000000002,0.0011802752424427178
2.462000000000002,0.0011802752424427178
2.463000000000002,0.0011802752424427178
2.4640000000000017,0.0011802752424427178
2.465000000000002,0.0011802752424427178
2.466000000000002,0.0011802752424427178
2.467000000000002,0.0011802752424427178
2.4680000000000017,0.0011802752424427178
2.469000000000002,0.0011802752424427178
2.470000000000002,0.0011802752424427178
2.471000000000002,0.0011802752424427178
2.4720000000000018,0.0011802752424427178
2.473000000000002,0.0011802752424427178
2.474000000000002,0.0011802752424427178
2.475000000000002,0.0011802752424427178
2.4760000000000018,0.0011802752424427178
2.477000000000002,0.0011802752424427178
2.478000000000002,0.0011802752424427178
2.479000000000002,0.0011802752424427178
2.4800000000000018,0.0011802752424427178
2.481000000000002,0.0011802752424427178
2.482000000000002,0.0011802752424427178
2.483000000000002,0.0011802752424427178
2.4840000000000018,0.0011802752424427178
2.485000000000002,0.0011802752424427178
2.486000000000002,0.0011802752424427178
2.487000000000002,0.0011802752424427178
2.4880000000000018,0.0011802752424427178
2.489000000000002,0.0011802752424427178
2.490000000000002,0.0011802752424427178
2.491000000000002,0.0011802752424427178
2.4920000000000018,0.0011802752424427178
2.493000000000002,0.0011802752424427178
2.494000000000002,0.0011802752424427178
2.495000000000002,0.0011802752424427178
2.4960000000000018,0.0011802752424427178
2.497000000000002,0.0011802752424427178
2.498000000000002,0.0011802752424427178
2.499000000000002,0.0011802752424427178
2.5000000000000018,0.0011802752424427178
2.501000000000002,0.0011802752424427178
2.502000000000002,0.0011802752424427178
2.503000000000002,0.0011802752424427178
2.504000000000002,0.0011802752424427178
2.505000000000002,0.0011802752424427178
2.506000000000002,0.0011802752424427178
2.507000000000002,0.0011802752424427178
2.508000000000002,0.0011802752424427178
2.509000000000002,0.0011802752424427178
2.510000000000002,0.0011802752424427178
2.511000000000002,0.0011802752424427178
2.512000000000002,0.0011802752424427178
2.513000000000002,0.0011802752424427178
2.514000000000002,0.0011802752424427178
2.515000000000002,0.0011802752424427178
2.516000000000002,0.0011802752424427178
2.517000000000002,0.0011802752424427178
2.518000000000002,0.0011802752424427178
2.519000000000002,0.0011802752424427178
2.520000000000002,0.0011802752424427178
2.521000000000002,0.0011802752424427178
2.522000000000002,0.0011802752424427178
2.523000000000002,0.0011802752424427178
2.524000000000002,0.0011802752424427178
2.525000000000002,0.0011802752424427178
2.526000000000002,0.0011802752424427178
2.527000000000002,0.0011802752424427178
2.528000000000002,0.0011802752424427178
2.529000000000002,0.0011802752424427178
2.530000000000002,0.0011802752424427178
2.531000000000002,0.0011802752424427178
2.532000000000002,0.0011802752424427178
2.533000000000002,0.0011802752424427178
2.534000000000002,0.0011802752424427178
2.535000000000002,0.0011802752424427178
2.536000000000002,0.0011802752424427178
2.537000000000002,0.0011802752424427178
2.538000000000002,0.0011802752424427178
2.539000000000002,0.0011802752424427178
2.540000000000002,0.0011802752424427178
2.541000000000002,0.0011802752424427178
2.542000000000002,0.0011802752424427178
2.543000000000002,0.0011802752424427178
2.544000000000002,0.0011802752424427178
2.545000000000002,0.0011802752424427178
2.546000000000002,0.0011802752424427178
2.547000000000002,0.0011802752424427178
2.548000000000002,0.0011802752424427178
2.549000000000002,0.0011802752424427178
2.550000000000002,0.0011802752424427178
2.551000000000002,0.0011802752424427178
2.552000000000002,0.0011802752424427178
2.553000000000002,0.0011802752424427178
2.554000000000002,0.0011802752424427178
2.555000000000002,0.0011802752424427178
2.556000000000002,0.0011802752424427178
2.557000000000002,0.0011802752424427178
2.558000000000002,0.0011802752424427178
2.559000000000002,0.0011802752424427178
2.560000000000002,0.0011802752424427178
2.561000000000002,0.0011802752424427178
2.562000000000002,0.0011802752424427178
2.563000000000002,0.0011802752424427178
2.564000000000002,0.0011802752424427178
2.565000000000002,0.0011802752424427178
2.566000000000002,0.0011802752424427178
2.567000000000002,0.0011802752424427178
2.568000000000002,0.0011802752424427178
2.569000000000002,0.0011802752424427178
2.570000000000002,0.0011802752424427178
2.571000000000002,0.0011802752424427178
2.572000000000002,0.0011802752424427178
2.573000000000002,0.0011802752424427178
2.574000000000002,0.0011802752424427178
2.575000000000002,0.0011802752424427178
2.576000000000002,0.0011802752424427178
2.577000000000002,0.0011802752424427178
2.578000000000002,0.0011802752424427178
2.579000000000002,0.0011802752424427178
2.580000000000002,0.0011802752424427178
2.581000000000002,0.0011802752424427178
2.582000000000002,0.0011802752424427178
2.583000000000002,0.0011802752424427178
2.584000000000002,0.0011802752424427178
2.585000000000002,0.0011802752424427178
2.586000000000002,0.0011802752424427178
2.587000000000002,0.0011802752424427178
2.588000000000002,0.0011802752424427178
2.589000000000002,0.0011802752424427178
2.590000000000002,0.0011802752424427178
2.591000000000002,0.0011802752424427178
2.592000000000002,0.0011802752424427178
2.593000000000002,0.0011802752424427178
2.594000000000002,0.0011802752424427178
2.595000000000002,0.0011802752424427178
2.596000000000002,0.0011802752424427178
2.597000000000002,0.0011802752424427178
2.598000000000002,0.0011802752424427178
2.599000000000002,0.0011802752424427178
2.600000000000002,0.0011802752424427178
2.601000000000002,0.0011802752424427178
2.602000000000002,0.0011802752424427178
2.603000000000002,0.0011802752424427178
2.604000000000002,0.0011802752424427178
2.605000000000002,0.0011802752424427178
2.606000000000002,0.0011802752424427178
2.607000000000002,0.0011802752424427178
2.608000000000002,0.0011802752424427178
2.609000000000002,0.0011802752424427178
2.610000000000002,0.0011802752424427178
2.611000000000002,0.0011802752424427178
2.612000000000002,0.0011802752424427178
2.613000000000002,0.0011802752424427178
2.614000000000002,0.0011802752424427178
2.615000000000002,0.0011802752424427178
2.616000000000002,0.0011802752424427178
2.617000000000002,0.0011802752424427178
2.618000000000002,0.0011802752424427178
2.619000000000002,0.0011802752424427178
2.620000000000002,0.0011802752424427178
2.621000000000002,0.0011802752424427178
2.622000000000002,0.0011802752424427178
2.623000000000002,0.0011802752424427178
2.624000000000002,0.0011802752424427178
2.625000000000002,0.0011802752424427178
2.626000000000002,0.0011802752424427178
2.627000000000002,0.0011802752424427178
2.628000000000002,0.0011802752424427178
2.6290000000000022,0.0011802752424427178
2.630000000000002,0.0011802752424427178
2.631000000000002,0.0011802752424427178
2.632000000000002,0.0011802752424427178
2.6330000000000022,0.0011802752424427178
2.634000000000002,0.0011802752424427178
2.635000000000002,0.0011802752424427178
2.636000000000002,0.0011802752424427178
2.6370000000000022,0.0011802752424427178
2.638000000000002,0.0011802752424427178
2.639000000000002,0.0011802752424427178
2.640000000000002,0.0011802752424427178
2.6410000000000022,0.0011802752424427178
2.642000000000002,0.0011802752424427178
2.643000000000002,0.0011802752424427178
2.644000000000002,0.0011802752424427178
2.6450000000000022,0.0011802752424427178
2.646000000000002,0.0011802752424427178
2.647000000000002,0.0011802752424427178
2.648000000000002,0.0011802752424427178
2.6490000000000022,0.0011802752424427178
2.650000000000002,0.0011802752424427178
2.651000000000002,0.0011802752424427178
2.652000000000002,0.0011802752424427178
2.6530000000000022,0.0011802752424427178
2.654000000000002,0.0011802752424427178
2.655000000000002,0.0011802752424427178
2.656000000000002,0.0011802752424427178
2.6570000000000022,0.0011802752424427178
2.658000000000002,0.0011802752424427178
2.659000000000002,0.0011802752424427178
2.660000000000002,0.0011802752424427178
2.6610000000000023,0.0011802752424427178
2.662000000000002,0.0011802752424427178
2.663000000000002,0.0011802752424427178
2.664000000000002,0.0011802752424427178
2.6650000000000023,0.0011802752424427178
2.666000000000002,0.0011802752424427178
2.667000000000002,0.0011802752424427178
2.668000000000002,0.0011802752424427178
2.6690000000000023,0.0011802752424427178
2.670000000000002,0.0011802752424427178
2.671000000000002,0.0011802752424427178
2.672000000000002,0.0011802752424427178
2.6730000000000023,0.0011802752424427178
2.674000000000002,0.0011802752424427178
2.675000000000002,0.0011802752424427178
2.676000000000002,0.0011802752424427178
2.6770000000000023,0.0011802752424427178
2.678000000000002,0.0011802752424427178
2.679000000000002,0.0011802752424427178
2.680000000000002,0.0011802752424427178
2.6810000000000023,0.0011802752424427178
2.682000000000002,0.0011802752424427178
2.683000000000002,0.0011802752424427178
2.684000000000002,0.0011802752424427178
2.6850000000000023,0.0011802752424427178
2.686000000000002,0.0011802752424427178
2.687000000000002,0.0011802752424427178
2.688000000000002,0.0011802752424427178
2.6890000000000023,0.0011802752424427178
2.690000000000002,0.0011802752424427178
2.691000000000002,0.0011802752424427178
2.692000000000002,0.0011802752424427178
2.6930000000000023,0.0011802752424427178
2.694000000000002,0.0011802752424427178
2.695000000000002,0.0011802752424427178
2.696000000000002,0.0011802752424427178
2.6970000000000023,0.0011802752424427178
2.698000000000002,0.0011802752424427178
2.699000000000002,0.0011802752424427178
2.700000000000002,0.0011802752424427178
2.7010000000000023,0.0011802752424427178
2.702000000000002,0.0011802752424427178
2.703000000000002,0.0011802752424427178
2.704000000000002,0.0011802752424427178
2.7050000000000023,0.0011802752424427178
2.706000000000002,0.0011802752424427178
2.707000000000002,0.0011802752424427178
2.708000000000002,0.0011802752424427178
2.7090000000000023,0.0011802752424427178
2.710000000000002,0.0011802752424427178
2.711000000000002,0.0011802752424427178
2.712000000000002,0.0011802752424427178
2.7130000000000023,0.0011802752424427178
2.714000000000002,0.0011802752424427178
2.715000000000002,0.0011802752424427178
2.716000000000002,0.0011802752424427178
2.7170000000000023,0.0011802752424427178
2.718000000000002,0.0011802752424427178
2.719000000000002,0.0011802752424427178
2.720000000000002,0.0011802752424427178
2.7210000000000023,0.0011802752424427178
2.722000000000002,0.0011802752424427178
2.723000000000002,0.0011802752424427178
2.724000000000002,0.0011802752424427178
2.7250000000000023,0.0011802752424427178
2.726000000000002,0.0011802752424427178
2.727000000000002,0.0011802752424427178
2.728000000000002,0.0011802752424427178
2.7290000000000023,0.0011802752424427178
2.730000000000002,0.0011802752424427178
2.731000000000002,0.0011802752424427178
2.732000000000002,0.0011802752424427178
2.7330000000000023,0.0011802752424427178
2.734000000000002,0.0011802752424427178
2.735000000000002,0.0011802752424427178
2.736000000000002,0.0011802752424427178
2.7370000000000023,0.0011802752424427178
2.738000000000002,0.0011802752424427178
2.739000000000002,0.0011802752424427178
2.740000000000002,0.0011802752424427178
2.7410000000000023,0.0011802752424427178
2.742000000000002,0.0011802752424427178
2.743000000000002,0.0011802752424427178
2.744000000000002,0.0011802752424427178
2.7450000000000023,0.0011802752424427178
2.746000000000002,0.0011802752424427178
2.747000000000002,0.0011802752424427178
2.748000000000002,0.0011802752424427178
2.7490000000000023,0.0011802752424427178
2.750000000000002,0.0011802752424427178
2.751000000000002,0.0011802752424427178
2.752000000000002,0.0011802752424427178
2.7530000000000023,0.0011802752424427178
2.7540000000000022,0.0011802752424427178
2.755000000000002,0.0011802752424427178
2.756000000000002,0.0011802752424427178
2.7570000000000023,0.0011802752424427178
2.7580000000000022,0.0011802752424427178
2.759000000000002,0.0011802752424427178
2.760000000000002,0.0011802752424427178
2.7610000000000023,0.0011802752424427178
2.7620000000000022,0.0011802752424427178
2.763000000000002,0.0011802752424427178
2.764000000000002,0.0011802752424427178
2.7650000000000023,0.0011802752424427178
2.7660000000000022,0.0011802752424427178
2.767000000000002,0.0011802752424427178
2.768000000000002,0.0011802752424427178
2.7690000000000023,0.0011802752424427178
2.7700000000000022,0.0011802752424427178
2.771000000000002,0.0011802752424427178
2.772000000000002,0.0011802752424427178
2.7730000000000024,0.0011802752424427178
2.7740000000000022,0.0011802752424427178
2.775000000000002,0.0011802752424427178
2.776000000000002,0.0011802752424427178
2.7770000000000024,0.0011802752424427178
2.7780000000000022,0.0011802752424427178
2.779000000000002,0.0011802752424427178
2.780000000000002,0.0011802752424427178
2.7810000000000024,0.0011802752424427178
2.7820000000000022,0.0011802752424427178
2.783000000000002,0.0011802752424427178
2.784000000000002,0.0011802752424427178
2.7850000000000024,0.0011802752424427178
2.7860000000000023,0.0011802752424427178
2.787000000000002,0.0011802752424427178
2.788000000000002,0.0011802752424427178
2.7890000000000024,0.0011802752424427178
2.7900000000000023,0.0011802752424427178
2.791000000000002,0.0011802752424427178
2.792000000000002,0.0011802752424427178
2.7930000000000024,0.0011802752424427178
2.7940000000000023,0.0011802752424427178
2.795000000000002,0.0011802752424427178
2.796000000000002,0.0011802752424427178
2.7970000000000024,0.0011802752424427178
2.7980000000000023,0.0011802752424427178
2.799000000000002,0.0011802752424427178
2.800000000000002,0.0011802752424427178
2.8010000000000024,0.0011802752424427178
2.8020000000000023,0.0011802752424427178
2.803000000000002,0.0011802752424427178
2.804000000000002,0.0011802752424427178
2.8050000000000024,0.0011802752424427178
2.8060000000000023,0.0011802752424427178
2.807000000000002,0.0011802752424427178
2.808000000000002,0.0011802752424427178
2.8090000000000024,0.0011802752424427178
2.8100000000000023,0.0011802752424427178
2.811000000000002,0.0011802752424427178
2.812000000000002,0.0011802752424427178
2.8130000000000024,0.0011802752424427178
2.8140000000000023,0.0011802752424427178
2.815000000000002,0.0011802752424427178
2.816000000000002,0.0011802752424427178
2.8170000000000024,0.0011802752424427178
2.8180000000000023,0.0011802752424427178
2.819000000000002,0.0011802752424427178
2.820000000000002,0.0011802752424427178
2.8210000000000024,0.0011802752424427178
2.8220000000000023,0.0011802752424427178
2.823000000000002,0.0011802752424427178
2.824000000000002,0.0011802752424427178
2.8250000000000024,0.0011802752424427178
2.8260000000000023,0.0011802752424427178
2.827000000000002,0.0011802752424427178
2.828000000000002,0.0011802752424427178
2.8290000000000024,0.0011802752424427178
2.8300000000000023,0.0011802752424427178
2.831000000000002,0.0011802752424427178
2.832000000000002,0.0011802752424427178
2.8330000000000024,0.0011802752424427178
2.8340000000000023,0.0011802752424427178
2.835000000000002,0.0011802752424427178
2.836000000000002,0.0011802752424427178
2.8370000000000024,0.0011802752424427178
2.8380000000000023,0.0011802752424427178
2.839000000000002,0.0011802752424427178
2.840000000000002,0.0011802752424427178
2.8410000000000024,0.0011802752424427178
2.8420000000000023,0.0011802752424427178
2.843000000000002,0.0011802752424427178
2.844000000000002,0.0011802752424427178
2.8450000000000024,0.0011802752424427178
2.8460000000000023,0.0011802752424427178
2.847000000000002,0.0011802752424427178
2.848000000000002,0.0011802752424427178
2.8490000000000024,0.0011802752424427178
2.8500000000000023,0.0011802752424427178
2.851000000000002,0.0011802752424427178
2.852000000000002,0.0011802752424427178
2.8530000000000024,0.0011802752424427178
2.8540000000000023,0.0011802752424427178
2.855000000000002,0.0011802752424427178
2.856000000000002,0.0011802752424427178
2.8570000000000024,0.0011802752424427178
2.8580000000000023,0.0011802752424427178
2.859000000000002,0.0011802752424427178
2.860000000000002,0.0011802752424427178
2.8610000000000024,0.0011802752424427178
2.8620000000000023,0.0011802752424427178
2.863000000000002,0.0011802752424427178
2.864000000000002,0.0011802752424427178
2.8650000000000024,0.0011802752424427178
2.8660000000000023,0.0011802752424427178
2.867000000000002,0.0011802752424427178
2.868000000000002,0.0011802752424427178
2.8690000000000024,0.0011802752424427178
2.8700000000000023,0.0011802752424427178
2.871000000000002,0.0011802752424427178
2.872000000000002,0.0011802752424427178
2.8730000000000024,0.0011802752424427178
2.8740000000000023,0.0011802752424427178
2.875000000000002,0.0011802752424427178
2.876000000000002,0.0011802752424427178
2.8770000000000024,0.0011802752424427178
2.8780000000000023,0.0011802752424427178
2.8790000000000022,0.0011802752424427178
2.880000000000002,0.0011802752424427178
2.8810000000000024,0.0011802752424427178
2.8820000000000023,0.0011802752424427178
2.8830000000000022,0.0011802752424427178
2.884000000000002,0.0011802752424427178
2.8850000000000025,0.0011802752424427178
2.8860000000000023,0.0011802752424427178
2.8870000000000022,0.0011802752424427178
2.888000000000002,0.0011802752424427178
2.8890000000000025,0.0011802752424427178
2.8900000000000023,0.0011802752424427178
2.8910000000000022,0.0011802752424427178
2.892000000000002,0.0011802752424427178
2.8930000000000025,0.0011802752424427178
2.8940000000000023,0.0011802752424427178
2.8950000000000022,0.0011802752424427178
2.896000000000002,0.0011802752424427178
2.8970000000000025,0.0011802752424427178
2.8980000000000024,0.0011802752424427178
2.8990000000000022,0.0011802752424427178
2.900000000000002,0.0011802752424427178
2.9010000000000025,0.0011802752424427178
2.9020000000000024,0.0011802752424427178
2.9030000000000022,0.0011802752424427178
2.904000000000002,0.0011802752424427178
2.9050000000000025,0.0011802752424427178
2.9060000000000024,0.0011802752424427178
2.9070000000000022,0.0011802752424427178
2.908000000000002,0.0011802752424427178
2.9090000000000025,0.0011802752424427178
2.9100000000000024,0.0011802752424427178
2.9110000000000023,0.0011802752424427178
2.912000000000002,0.0011802752424427178
2.9130000000000025,0.0011802752424427178
2.9140000000000024,0.0011802752424427178
2.9150000000000023,0.0011802752424427178
2.916000000000002,0.0011802752424427178
2.9170000000000025,0.0011802752424427178
2.9180000000000024,0.0011802752424427178
2.9190000000000023,0.0011802752424427178
2.920000000000002,0.0011802752424427178
2.9210000000000025,0.0011802752424427178
2.9220000000000024,0.0011802752424427178
2.9230000000000023,0.0011802752424427178
2.924000000000002,0.0011802752424427178
2.9250000000000025,0.0011802752424427178
2.9260000000000024,0.0011802752424427178
2.9270000000000023,0.0011802752424427178
2.928000000000002,0.0011802752424427178
2.9290000000000025,0.0011802752424427178
2.9300000000000024,0.0011802752424427178
2.9310000000000023,0.0011802752424427178
2.932000000000002,0.0011802752424427178
2.9330000000000025,0.0011802752424427178
2.9340000000000024,0.0011802752424427178
2.9350000000000023,0.0011802752424427178
2.936000000000002,0.0011802752424427178
2.9370000000000025,0.0011802752424427178
2.9380000000000024,0.0011802752424427178
2.9390000000000023,0.0011802752424427178
2.940000000000002,0.0011802752424427178
2.9410000000000025,0.0011802752424427178
2.9420000000000024,0.0011802752424427178
2.9430000000000023,0.0011802752424427178
2.944000000000002,0.0011802752424427178
2.9450000000000025,0.0011802752424427178
2.9460000000000024,0.0011802752424427178
2.9470000000000023,0.0011802752424427178
2.948000000000002,0.0011802752424427178
2.9490000000000025,0.0011802752424427178
2.9500000000000024,0.0011802752424427178
2.9510000000000023,0.0011802752424427178
2.952000000000002,0.0011802752424427178
2.9530000000000025,0.0011802752424427178
2.9540000000000024,0.0011802752424427178
2.9550000000000023,0.0011802752424427178
2.956000000000002,0.0011802752424427178
2.9570000000000025,0.0011802752424427178
2.9580000000000024,0.0011802752424427178
2.9590000000000023,0.0011802752424427178
2.960000000000002,0.0011802752424427178
2.9610000000000025,0.0011802752424427178
2.9620000000000024,0.0011802752424427178
2.9630000000000023,0.0011802752424427178
2.964000000000002,0.0011802752424427178
2.9650000000000025,0.0011802752424427178
2.9660000000000024,0.0011802752424427178
2.9670000000000023,0.0011802752424427178
2.968000000000002,0.0011802752424427178
2.9690000000000025,0.0011802752424427178
2.9700000000000024,0.0011802752424427178
2.9710000000000023,0.0011802752424427178
2.972000000000002,0.0011802752424427178
2.9730000000000025,0.0011802752424427178
2.9740000000000024,0.0011802752424427178
2.9750000000000023,0.0011802752424427178
2.976000000000002,0.0011802752424427178
2.9770000000000025,0.0011802752424427178
2.9780000000000024,0.0011802752424427178
2.9790000000000023,0.0011802752424427178
2.980000000000002,0.0011802752424427178
2.9810000000000025,0.0011802752424427178
2.9820000000000024,0.0011802752424427178
2.9830000000000023,0.0011802752424427178
2.984000000000002,0.0011802752424427178
2.9850000000000025,0.0011802752424427178
2.9860000000000024,0.0011802752424427178
2.9870000000000023,0.0011802752424427178
2.988000000000002,0.0011802752424427178
2.9890000000000025,0.0011802752424427178
2.9900000000000024,0.0011802752424427178
2.9910000000000023,0.0011802752424427178
2.992000000000002,0.0011802752424427178
2.9930000000000025,0.0011802752424427178
2.9940000000000024,0.0011802752424427178
2.9950000000000023,0.0011802752424427178
2.996000000000002,0.0011802752424427178
2.9970000000000026,0.0011802752424427178
2.9980000000000024,0.0011802752424427178
2.9990000000000023,0.0011802752424427178
