0.5000000000000002,3.3225802738072546e-07
0.5010000000000001,1.2625692449454467e-07
0.5020000000000002,7.11915578392321e-07
0.5030000000000001,6.879656038435485e-07
0.5040000000000002,6.708287358082124e-07
0.5050000000000001,7.10330914364253e-07
0.5060000000000002,4.3231676197946173e-07
0.5070000000000001,5.205974960650312e-07
0.5080000000000002,7.605546549165118e-07
0.5090000000000001,4.909618765101278e-07
0.5100000000000002,3.7576637549208995e-07
0.5110000000000001,6.33901185170173e-07
0.5120000000000002,8.008601724821614e-07
0.5130000000000001,7.645106448521216e-07
0.5140000000000002,7.668830356178747e-07
0.5150000000000001,9.071244141975078e-07
0.5160000000000002,9.572449716969547e-07
0.5170000000000001,9.539172938208165e-07
0.5180000000000002,9.694359128869928e-07
0.5190000000000001,1.1828492803975464e-06
0.5200000000000002,1.034719889485812e-06
0.5210000000000001,8.449313507622512e-07
0.5220000000000002,8.547645531645826e-07
0.5230000000000001,8.747984208760923e-07
0.5240000000000002,1.0085738811009492e-06
0.5250000000000001,1.0138375737145686e-06
0.5260000000000002,9.524268054097474e-07
0.5270000000000001,9.241503230562148e-07
0.5280000000000002,9.799590113286287e-07
0.5290000000000001,7.657681333254607e-07
0.5300000000000002,7.885012008346587e-07
0.5310000000000001,9.565807442232856e-07
0.5320000000000003,9.518862847900369e-07
0.5330000000000001,8.257472336658604e-07
0.5340000000000003,7.478814517803251e-07
0.5350000000000001,9.869578018110924e-07
0.5360000000000003,1.0928213215967213e-06
0.5370000000000001,8.254169298293067e-07
0.5380000000000003,5.045727847790841e-07
0.5390000000000001,4.715674741522369e-07
0.5400000000000003,6.120258700143741e-07
0.5410000000000001,7.1846734426087e-07
0.5420000000000003,9.860126756209826e-07
0.5430000000000001,1.0387613036322053e-06
0.5440000000000003,9.505845763223168e-07
0.5450000000000002,8.26877190114481e-07
0.5460000000000003,8.145221266173768e-07
0.5470000000000002,9.467747844840567e-07
0.5480000000000003,9.746298311376901e-07
0.5490000000000002,5.00718400597692e-07
0.5500000000000003,9.191572505286825e-07
0.5510000000000002,1.3614819888789192e-06
0.5520000000000003,1.1676756153695181e-06
0.5530000000000002,1.2477382034454355e-06
0.5540000000000003,1.1797541141915882e-06
0.5550000000000002,8.422342164547521e-07
0.5560000000000003,7.589915507007849e-07
0.5570000000000002,9.7910616151911e-07
0.5580000000000003,9.766568700568123e-07
0.5590000000000002,1.0123587731478457e-06
0.5600000000000003,9.674365376780502e-07
0.5610000000000002,9.074281803974122e-07
0.5620000000000003,8.957716640018388e-07
0.5630000000000002,1.2122912324913257e-06
0.5640000000000003,1.1663534558234306e-06
0.5650000000000002,1.0162729931079112e-06
0.5660000000000003,1.0263520108119004e-06
0.5670000000000002,6.094036804306896e-07
0.5680000000000003,1.0299313354660508e-06
0.5690000000000002,1.230139930540025e-06
0.5700000000000003,8.508912666934186e-07
0.5710000000000002,9.358896003948495e-07
0.5720000000000003,8.766543017015663e-07
0.5730000000000002,8.777537913936462e-07
0.5740000000000003,8.303342921958637e-07
0.5750000000000002,6.770552901655655e-07
0.5760000000000003,7.115436518538607e-07
0.5770000000000002,7.243754455197868e-07
0.5780000000000003,8.156277175803561e-07
0.5790000000000002,7.382503679641799e-07
0.5800000000000003,5.865847810793802e-07
0.5810000000000002,8.965029894817521e-07
0.5820000000000003,7.45050506135456e-07
0.5830000000000002,1.0219370050050422e-06
0.5840000000000003,1.2613943582685518e-06
0.5850000000000002,9.56263682020642e-07
0.5860000000000003,1.0050667827251723e-06
0.5870000000000002,1.0388312600934491e-06
0.5880000000000003,1.010364584885588e-06
0.5890000000000002,9.49875191564677e-07
0.5900000000000003,1.2373838837480231e-06
0.5910000000000002,1.3427916243676987e-06
0.5920000000000003,1.2623027895718942e-06
0.5930000000000002,1.3244914274270127e-06
0.5940000000000003,1.139436835504428e-06
0.5950000000000002,9.882067423454177e-07
0.5960000000000003,1.246739302599802e-06
0.5970000000000002,8.262029086096738e-07
0.5980000000000003,1.197812293546161e-06
0.5990000000000002,1.1180556335662983e-06
0.6000000000000003,9.243035511187408e-07
0.6010000000000002,8.565070011018737e-07
0.6020000000000003,9.696892965777105e-07
0.6030000000000002,1.0714719384412884e-06
0.6040000000000003,1.0938525821507138e-06
0.6050000000000002,9.9723297210692e-07
0.6060000000000003,9.653952665149148e-07
0.6070000000000002,1.141129003702205e-06
0.6080000000000003,9.001780400186034e-07
0.6090000000000002,8.426241650214352e-07
0.6100000000000003,6.795930154350749e-07
0.6110000000000002,7.089087776025144e-07
0.6120000000000003,1.0060675073933845e-06
0.6130000000000002,1.1734384593966631e-06
0.6140000000000003,6.362747303005508e-07
0.6150000000000002,7.667376640452753e-07
0.6160000000000003,1.036485866129079e-06
0.6170000000000002,8.450775638761911e-07
0.6180000000000003,9.984666664659889e-07
0.6190000000000002,7.91466601680872e-07
0.6200000000000003,4.833347215934537e-07
0.6210000000000002,6.918163252524404e-07
0.6220000000000003,8.673785521702694e-07
0.6230000000000002,7.130690936905492e-07
0.6240000000000003,6.021157618575163e-07
0.6250000000000002,9.080352896389413e-07
0.6260000000000003,3.7279454898221456e-07
0.6270000000000002,4.1070117171038684e-07
0.6280000000000003,3.961401392587757e-07
0.6290000000000002,4.9285579850867753e-08
0.6300000000000003,1.0798596200653383e-06
0.6310000000000002,8.818334118628115e-07
0.6320000000000003,1.1696356788513511e-06
0.6330000000000002,1.340764287477855e-06
0.6340000000000003,1.0001986319029631e-06
0.6350000000000002,9.874914419549384e-07
0.6360000000000003,9.904738224784171e-07
0.6370000000000002,8.269957494253489e-07
0.6380000000000003,1.0245683921410789e-06
0.6390000000000002,1.057996259158914e-06
0.6400000000000003,5.212518022643589e-07
0.6410000000000002,3.379949184079619e-07
0.6420000000000003,1.0389223763919035e-06
0.6430000000000002,1.4320331854241939e-06
0.6440000000000003,9.047388617230461e-07
0.6450000000000002,9.693307067345203e-07
0.6460000000000004,1.6255659900516104e-06
0.6470000000000002,1.2438772641330682e-06
0.6480000000000004,1.1151070909266322e-06
0.6490000000000002,1.160019471464399e-06
0.6500000000000004,1.2003399498847055e-06
0.6510000000000002,1.4655762926968074e-06
0.6520000000000004,1.5843293691421846e-06
0.6530000000000002,1.6584403146467738e-06
0.6540000000000004,1.9761916400532042e-06
0.6550000000000002,3.6023644361170517e-06
0.6560000000000004,3.6083184401729207e-06
0.6570000000000003,3.494265441469317e-06
0.6580000000000004,4.523667272416546e-06
0.6590000000000003,5.180236841639603e-06
0.6600000000000004,6.421042799458843e-06
0.6610000000000003,7.153166418265842e-06
0.6620000000000004,8.167501258621687e-06
0.6630000000000003,8.99521092792189e-06
0.6640000000000004,9.483287630289272e-06
0.6650000000000003,1.1225428929602963e-05
0.6660000000000004,1.2678688507618961e-05
0.6670000000000003,1.3798941018862272e-05
0.6680000000000004,1.5249863246267235e-05
0.6690000000000003,1.756952505905537e-05
0.6700000000000004,1.8432818427533263e-05
0.6710000000000003,1.926688529958331e-05
0.6720000000000004,2.03412268665506e-05
0.6730000000000003,2.123514731640993e-05
0.6740000000000004,2.2656608750168724e-05
0.6750000000000003,2.2970715351499674e-05
0.6760000000000004,2.4821298075915694e-05
0.6770000000000003,2.574153028425295e-05
0.6780000000000004,2.5922029016881024e-05
0.6790000000000003,2.6368999099457885e-05
0.6800000000000004,2.759646036174954e-05
0.6810000000000003,2.9308088806744305e-05
0.6820000000000004,3.0200270318702883e-05
0.6830000000000003,3.1865501468016886e-05
0.6840000000000004,3.3859843491450395e-05
0.6850000000000003,3.478893885052466e-05
0.6860000000000004,3.6497625102930376e-05
0.6870000000000003,3.710932605358346e-05
0.6880000000000004,3.9105446717482435e-05
0.6890000000000003,4.0046246152148255e-05
0.6900000000000004,4.029231592008322e-05
0.6910000000000003,4.2307638285467103e-05
0.6920000000000004,4.1570101616000204e-05
0.6930000000000003,4.0724697639771925e-05
0.6940000000000004,4.012899471958608e-05
0.6950000000000003,3.9245247176002533e-05
0.6960000000000004,3.809204390900736e-05
0.6970000000000003,3.7569679681425405e-05
0.6980000000000004,3.636027261030488e-05
0.6990000000000003,3.486446825795406e-05
0.7000000000000004,3.398094899775686e-05
0.7010000000000003,3.337026759452163e-05
0.7020000000000004,3.227841169910227e-05
0.7030000000000003,3.226025319332577e-05
0.7040000000000004,3.198470005235303e-05
0.7050000000000003,3.1708892992945935e-05
0.7060000000000004,3.120369635793938e-05
0.7070000000000003,3.086803403591019e-05
0.7080000000000004,3.030276089833414e-05
0.7090000000000003,2.9448306114262248e-05
0.7100000000000004,3.0023028345068192e-05
0.7110000000000003,2.8417297856590242e-05
0.7120000000000004,2.707980111256006e-05
0.7130000000000003,2.5457298745822104e-05
0.7140000000000004,2.382318221475504e-05
0.7150000000000003,2.284947845755171e-05
0.7160000000000004,2.1122947653435093e-05
0.7170000000000003,1.8823267002925577e-05
0.7180000000000004,1.7874337253266863e-05
0.7190000000000003,1.6903645907952267e-05
0.7200000000000004,1.615583993050007e-05
0.7210000000000003,1.420780914535557e-05
0.7220000000000004,1.249294706878915e-05
0.7230000000000003,1.1411736526557945e-05
0.7240000000000004,1.11336765208045e-05
0.7250000000000003,9.638568891246412e-06
0.7260000000000004,8.321678873701243e-06
0.7270000000000003,8.287894490652616e-06
0.7280000000000004,7.602861098209868e-06
0.7290000000000003,7.179549524677836e-06
0.7300000000000004,7.180771052511888e-06
0.7310000000000003,5.881713786140939e-06
0.7320000000000004,5.914556329694773e-06
0.7330000000000003,5.560691823522234e-06
0.7340000000000004,5.136695093444091e-06
0.7350000000000003,4.2578763890709984e-06
0.7360000000000004,3.443440046552566e-06
0.7370000000000003,4.004057968068195e-06
0.7380000000000004,4.152751982379124e-06
0.7390000000000003,4.270395117425729e-06
0.7400000000000004,3.3934406282435715e-06
0.7410000000000003,3.1613427254308852e-06
0.7420000000000004,2.6711800555828507e-06
0.7430000000000003,1.9599611202906092e-06
0.7440000000000004,2.8828585908947127e-06
0.7450000000000003,2.5820467860970917e-06
0.7460000000000004,1.799690094661674e-06
0.7470000000000003,1.8527811609422108e-06
0.7480000000000004,1.674649138613166e-06
0.7490000000000003,2.0197595647778795e-06
0.7500000000000004,1.8396513938413412e-06
0.7510000000000003,1.9230513792411467e-06
0.7520000000000004,2.524166735196112e-06
0.7530000000000003,2.102850378611405e-06
0.7540000000000004,1.7041660164519364e-06
0.7550000000000003,1.834178616707163e-06
0.7560000000000004,7.022990422535672e-07
0.7570000000000003,1.5173570570074508e-06
0.7580000000000005,2.252471277971325e-06
0.7590000000000003,2.234584745501485e-06
0.7600000000000005,1.8992418564297377e-06
0.7610000000000003,1.9004233890379194e-06
0.7620000000000005,6.451456041452933e-07
0.7630000000000003,1.9027973889427045e-06
0.7640000000000005,2.045885143494774e-06
0.7650000000000003,2.1046005606306377e-06
0.7660000000000005,2.1044941573001256e-06
0.7670000000000003,1.6961140013363517e-06
0.7680000000000005,2.02754330249581e-06
0.7690000000000003,1.1618405001375459e-06
0.7700000000000005,2.525196727144712e-06
0.7710000000000004,2.204425551072687e-06
0.7720000000000005,1.982627228768721e-06
0.7730000000000004,1.788093396957733e-06
0.7740000000000005,2.7975697304980005e-06
0.7750000000000004,1.795542808425773e-06
0.7760000000000005,1.334598751047494e-06
0.7770000000000004,2.0009788962764475e-06
0.7780000000000005,2.422754432968454e-06
0.7790000000000004,3.1822627956991302e-06
0.7800000000000005,3.1547297606248782e-06
0.7810000000000004,2.357341492551737e-06
0.7820000000000005,2.1025401510037704e-06
0.7830000000000004,2.331959293301378e-06
0.7840000000000005,2.5075647514701288e-06
0.7850000000000004,1.8841223876728642e-06
0.7860000000000005,1.913759061463374e-06
0.7870000000000004,1.601737238928649e-06
0.7880000000000005,9.35348929481371e-07
0.7890000000000004,1.7600676955236177e-06
0.7900000000000005,6.830570007313532e-07
0.7910000000000004,2.2202985400671963e-06
0.7920000000000005,1.9491324068061985e-06
0.7930000000000004,2.0430302708879083e-06
0.7940000000000005,1.8993075955347214e-06
0.7950000000000004,1.9131914078717185e-06
0.7960000000000005,2.3080573521849584e-06
0.7970000000000004,2.5440634990417297e-06
0.7980000000000005,2.058295609553299e-06
0.7990000000000004,1.929312879120277e-06
0.8000000000000005,2.8641236417496516e-06
0.8010000000000004,2.18797426882268e-06
0.8020000000000005,1.4740101074984807e-06
0.8030000000000004,2.0115799304030994e-06
0.8040000000000005,2.5208780048724436e-06
0.8050000000000004,3.1242528156712363e-06
0.8060000000000005,2.9323950800738147e-06
0.8070000000000004,3.1118405448517853e-06
0.8080000000000005,2.9757141831299556e-06
0.8090000000000004,2.4442183385895574e-06
0.8100000000000005,2.8890656572397754e-06
0.8110000000000004,1.8116457644661482e-06
0.8120000000000005,3.257035544606722e-06
0.8130000000000004,3.6717746619148642e-06
0.8140000000000005,4.068770625707272e-06
0.8150000000000004,3.7004887146459316e-06
0.8160000000000005,3.0424465831266733e-06
0.8170000000000004,3.0818147893018542e-06
0.8180000000000005,3.17981245452755e-06
0.8190000000000004,2.4699861979635905e-05
0.8200000000000005,8.154318425822801e-05
0.8210000000000004,4.11834878352353e-05
0.8220000000000005,9.59685680021807e-06
0.8230000000000004,4.7255369762710587e-07
0.8240000000000005,1.157373256100399e-05
0.8250000000000004,3.72771202250909e-05
0.8260000000000005,4.034174735805827e-05
0.8270000000000004,4.158569814381353e-06
0.8280000000000005,2.3976994371590536e-05
0.8290000000000004,2.9453488105434533e-05
0.8300000000000005,2.427885823903846e-05
0.8310000000000004,3.129648552935643e-05
0.8320000000000005,2.2619386536404374e-05
0.8330000000000004,2.5967272215587135e-05
0.8340000000000005,1.5356635357906603e-05
0.8350000000000004,4.6380500972238966e-05
0.8360000000000005,7.256457233820197e-06
0.8370000000000004,1.9375539800503833e-05
0.8380000000000005,3.1463661954885164e-06
0.8390000000000004,7.173473579393321e-06
0.8400000000000005,4.036302477907311e-05
0.8410000000000004,4.76896309595512e-05
0.8420000000000005,2.5539615767733248e-05
0.8430000000000004,3.861763525821522e-05
0.8440000000000005,3.233716837996494e-05
0.8450000000000004,1.1122995913154065e-05
0.8460000000000005,2.775847140794533e-05
0.8470000000000004,1.4130674469597504e-05
0.8480000000000005,2.98152269412976e-05
0.8490000000000004,2.8865140579992013e-05
0.8500000000000005,3.237011991262021e-05
0.8510000000000004,3.0639272301241616e-05
0.8520000000000005,8.399812861700647e-06
0.8530000000000004,4.1764649840622274e-05
0.8540000000000005,4.050136270370122e-05
0.8550000000000004,3.3556197049845125e-05
0.8560000000000005,5.2659251825101724e-05
0.8570000000000004,4.402204524939767e-05
0.8580000000000005,5.682676645742023e-05
0.8590000000000004,4.7274425874190576e-05
0.8600000000000005,2.5612000136668473e-05
0.8610000000000004,6.238276461362205e-06
0.8620000000000005,2.4897357910605993e-06
0.8630000000000004,6.973183540389718e-06
0.8640000000000005,3.368326380774961e-05
0.8650000000000004,1.54405715298516e-05
0.8660000000000005,1.1196777818765235e-06
0.8670000000000004,5.270114672032684e-06
0.8680000000000005,1.9230194791719864e-05
0.8690000000000004,1.727831940825649e-05
0.8700000000000006,8.514173277478624e-06
0.8710000000000004,1.987047169691126e-05
0.8720000000000006,1.9829622003039917e-05
0.8730000000000004,3.3300331885728396e-05
0.8740000000000006,8.341099597967142e-06
0.8750000000000004,5.310098435906307e-06
0.8760000000000006,1.3047391445708532e-05
0.8770000000000004,9.399092081423167e-06
0.8780000000000006,2.3149982783675365e-05
0.8790000000000004,6.364744323889554e-06
0.8800000000000006,2.542952302945523e-05
0.8810000000000004,1.3261960069085645e-05
0.8820000000000006,2.0360039711854974e-05
0.8830000000000005,2.0855007953399306e-06
0.8840000000000006,1.3317561943537735e-05
0.8850000000000005,1.3485197442969538e-05
0.8860000000000006,6.845454266423141e-06
0.8870000000000005,8.65711133678851e-06
0.8880000000000006,1.2317906675939091e-05
0.8890000000000005,1.1649181739336564e-05
0.8900000000000006,3.445886799986799e-05
0.8910000000000005,2.3943898712156395e-05
0.8920000000000006,2.1495774287738384e-05
0.8930000000000005,9.305149825700898e-06
0.8940000000000006,8.440417337557798e-07
0.8950000000000005,4.2300235632834445e-06
0.8960000000000006,1.5185294696283243e-05
0.8970000000000005,9.297912365905957e-06
0.8980000000000006,1.2281700525410092e-05
0.8990000000000005,3.191906987225699e-05
0.9000000000000006,1.793509963867434e-05
0.9010000000000005,2.2017984240530785e-05
0.9020000000000006,1.9314889851341963e-05
0.9030000000000005,3.3549438263555135e-06
0.9040000000000006,4.632955258621234e-06
0.9050000000000005,1.0004295124542413e-05
0.9060000000000006,1.903540407102303e-05
0.9070000000000005,3.2498815187388004e-06
0.9080000000000006,5.196717770018256e-06
0.9090000000000005,5.0490775906264765e-06
0.9100000000000006,6.082386622582144e-06
0.9110000000000005,1.0123875835096704e-05
0.9120000000000006,6.124702821034155e-06
0.9130000000000005,4.765886048311611e-06
0.9140000000000006,4.074225801053885e-06
0.9150000000000005,1.0512452308318589e-05
0.9160000000000006,2.1346062921279808e-05
0.9170000000000005,1.98254756181103e-05
0.9180000000000006,2.0670070710106555e-06
0.9190000000000005,7.386455204988792e-06
0.9200000000000006,1.2112560067041464e-05
0.9210000000000005,8.648349714429169e-06
0.9220000000000006,1.882431496623486e-05
0.9230000000000005,9.544362000581423e-06
0.9240000000000006,3.999184551137393e-06
0.9250000000000005,5.911536263720484e-06
0.9260000000000006,1.306331943333518e-05
0.9270000000000005,7.943691675393422e-06
0.9280000000000006,1.4613068126122403e-05
0.9290000000000005,1.0383458813231249e-05
0.9300000000000006,4.673853283176275e-06
0.9310000000000005,6.354818799444666e-06
0.9320000000000006,7.61514664011128e-06
0.9330000000000005,3.110287157714914e-06
0.9340000000000006,2.8555493761004606e-06
0.9350000000000005,7.150262894946157e-06
0.9360000000000006,5.894967435178786e-06
0.9370000000000005,5.8068202085279485e-06
0.9380000000000006,8.692552343473301e-06
0.9390000000000005,3.765654695186745e-06
0.9400000000000006,6.491333119989174e-06
0.9410000000000005,1.5842596137593972e-05
0.9420000000000006,4.432217556626601e-06
0.9430000000000005,3.5555641307818766e-06
0.9440000000000006,1.368135528194475e-05
0.9450000000000005,1.2519433761700017e-05
0.9460000000000006,9.672254930349754e-06
0.9470000000000005,1.782846094971686e-05
0.9480000000000006,7.004711363607044e-06
0.9490000000000005,4.7675764505114017e-07
0.9500000000000006,1.2326143625376385e-05
0.9510000000000005,1.069124652735663e-07
0.9520000000000006,5.941094868267252e-06
0.9530000000000005,1.3907227571996908e-05
0.9540000000000006,4.027643647774821e-06
0.9550000000000005,8.606423941998672e-06
0.9560000000000006,4.281356501900613e-06
0.9570000000000005,1.0835511205451805e-05
0.9580000000000006,8.563711427839461e-06
0.9590000000000005,9.59518775104338e-06
0.9600000000000006,1.0421633595842812e-05
0.9610000000000005,3.1771735155858914e-06
0.9620000000000006,8.670217283297498e-07
0.9630000000000005,5.0243166229594205e-06
0.9640000000000006,1.0511111676960456e-05
0.9650000000000005,4.018239577632354e-07
0.9660000000000006,6.830788795607232e-06
0.9670000000000005,1.4254703018592562e-05
0.9680000000000006,1.2789511753750137e-05
0.9690000000000005,3.07270109480877e-06
0.9700000000000006,6.334398471827698e-06
0.9710000000000005,1.3900888113361587e-05
0.9720000000000006,2.3332940126619917e-05
0.9730000000000005,7.761694741504252e-06
0.9740000000000006,6.525008768388893e-06
0.9750000000000005,2.091734476183643e-06
0.9760000000000006,3.722802886939674e-06
0.9770000000000005,5.945184475492404e-06
0.9780000000000006,2.3453977199522322e-06
0.9790000000000005,7.731555737279343e-06
0.9800000000000006,1.2352661871783602e-05
0.9810000000000005,7.296269064948963e-06
0.9820000000000007,5.58976332371517e-06
0.9830000000000005,2.755140397206653e-06
0.9840000000000007,3.774144816270603e-06
0.9850000000000005,9.196162628970134e-06
0.9860000000000007,7.274888018643241e-06
0.9870000000000005,7.647607820619162e-06
0.9880000000000007,1.55738064854995e-05
0.9890000000000005,1.2851341605213212e-05
0.9900000000000007,1.2399989479306492e-05
0.9910000000000005,3.6138466361184205e-06
0.9920000000000007,1.2925887468216305e-05
0.9930000000000005,9.509330487899491e-06
0.9940000000000007,1.1492634935178732e-05
0.9950000000000006,9.292671901830584e-06
0.9960000000000007,8.423142742412502e-06
0.9970000000000006,1.0285558841972429e-05
0.9980000000000007,1.7590985028010574e-05
0.9990000000000006,9.816287261195632e-06
1.0000000000000007,1.2041768866230215e-05
1.0010000000000006,1.0357724519735488e-05
1.0020000000000007,4.966608209679185e-06
1.0030000000000006,1.5321604926827256e-05
1.0040000000000007,1.3740904180631216e-05
1.0050000000000006,1.053659833188378e-05
1.0060000000000007,1.2178778748822905e-05
1.0070000000000006,2.009764078802005e-05
1.0080000000000007,1.3797748520894681e-05
1.0090000000000006,1.0907815390808513e-05
1.0100000000000007,1.432373000441264e-05
1.0110000000000006,1.3862988900495195e-05
1.0120000000000007,1.6343664971705103e-05
1.0130000000000006,1.4907506502187693e-05
1.0140000000000007,1.3145595343346956e-05
1.0150000000000006,2.1329774919707733e-05
1.0160000000000007,1.402436131046074e-05
1.0170000000000006,1.1111582847602583e-05
1.0180000000000007,1.697447894489742e-05
1.0190000000000006,1.8012793961845243e-05
1.0200000000000007,1.3788632759923967e-05
1.0210000000000006,1.2097354886596885e-05
1.0220000000000007,1.8741785232407104e-05
1.0230000000000006,2.4161134981942424e-05
1.0240000000000007,1.8606369488151424e-05
1.0250000000000006,2.0497115204563554e-05
1.0260000000000007,1.8126653805592116e-05
1.0270000000000006,1.9150498070544272e-05
1.0280000000000007,2.182339670215558e-05
1.0290000000000006,2.014449849162125e-05
1.0300000000000007,2.1321435461642204e-05
1.0310000000000006,1.6968918928154606e-05
1.0320000000000007,2.341747039816618e-05
1.0330000000000006,2.3721933319486436e-05
1.0340000000000007,2.4812197764484082e-05
1.0350000000000006,2.3358145357859134e-05
1.0360000000000007,2.6414158575783352e-05
1.0370000000000006,2.5213750734042312e-05
1.0380000000000007,2.4974688858666058e-05
1.0390000000000006,2.6588248622724557e-05
1.0400000000000007,2.1184545397796227e-05
1.0410000000000006,2.5934013401814336e-05
1.0420000000000007,3.3084112628977654e-05
1.0430000000000006,3.1065393113012826e-05
1.0440000000000007,3.542254581080301e-05
1.0450000000000006,4.138137201686579e-05
1.0460000000000007,3.516071800063054e-05
1.0470000000000006,5.284175031533549e-05
1.0480000000000007,4.7809788015380056e-05
1.0490000000000006,4.745487738526993e-05
1.0500000000000007,4.7888430893685526e-05
1.0510000000000006,5.0468825246529273e-05
1.0520000000000007,5.5248831420726954e-05
1.0530000000000006,5.894091188521028e-05
1.0540000000000007,6.906102643114645e-05
1.0550000000000006,7.303316416204927e-05
1.0560000000000007,7.509550645884623e-05
1.0570000000000006,7.19704955337874e-05
1.0580000000000007,8.385238537418783e-05
1.0590000000000006,8.453432306836892e-05
1.0600000000000007,8.595358903123486e-05
1.0610000000000006,9.009722642596987e-05
1.0620000000000007,0.00010125891662733802
1.0630000000000006,0.00010135654360630768
1.0640000000000007,0.00011388801817218957
1.0650000000000006,0.00011501464486989665
1.0660000000000007,0.00011607755398799249
1.0670000000000006,0.00012286330718002858
1.0680000000000007,0.00012835742024053205
1.0690000000000006,0.00013333635709524447
1.0700000000000007,0.00014361294509698924
1.0710000000000006,0.00014989565063031087
1.0720000000000007,0.00015284690462279835
1.0730000000000006,0.0001551984587057905
1.0740000000000007,0.0001590580881456798
1.0750000000000006,0.00017356782738268733
1.0760000000000007,0.0001829689349142276
1.0770000000000006,0.00019138680852322354
1.0780000000000007,0.00019789675354413036
1.0790000000000006,0.00020117078133893585
1.0800000000000007,0.00021243316568666606
1.0810000000000006,0.00022517947445052506
1.0820000000000007,0.00024401804921010662
1.0830000000000006,0.00025106612774337993
1.0840000000000007,0.00026786457481090594
1.0850000000000006,0.00028003101396932535
1.0860000000000007,0.00029946662436047453
1.0870000000000006,0.00030886159990432436
1.0880000000000007,0.0003383615360956121
1.0890000000000006,0.00037138980220989835
1.0900000000000007,0.0003971992032674321
1.0910000000000006,0.00042794759982444497
1.0920000000000007,0.0004454457328568312
1.0930000000000006,0.0004886602078737208
1.0940000000000007,0.0005304322255379566
1.0950000000000006,0.0005682114290251636
1.0960000000000008,0.0006233313485925369
1.0970000000000006,0.0006561425727689929
1.0980000000000008,0.0007127431343257159
1.0990000000000006,0.0008267271956520522
1.1000000000000008,0.0008925535206865629
1.1010000000000006,0.0009604008945430082
1.1020000000000008,0.001068061527547282
1.1030000000000006,0.0011569539983604805
1.1040000000000008,0.0012808778809772407
1.1050000000000006,0.0013775175233040494
1.1060000000000008,0.0014925944958689309
1.1070000000000007,0.0016542274576251596
1.1080000000000008,0.0018119585508832282
1.1090000000000007,0.00196759928779161
1.1100000000000008,0.0021339753852650397
1.1110000000000007,0.002466384449181792
1.1120000000000008,0.002686747298880475
1.1130000000000007,0.0027507135568981553
1.1140000000000008,0.0029727783672015584
1.1150000000000007,0.0032517664413986
1.1160000000000008,0.0035435163095956994
1.1170000000000007,0.0039004109880786376
1.1180000000000008,0.004173483360549909
1.1190000000000007,0.004427439674825722
1.1200000000000008,0.004904824718582927
1.1210000000000007,0.0053393181843311805
1.1220000000000008,0.006882362688809625
1.1230000000000007,0.007228358985613796
1.1240000000000008,0.007920462106433898
1.1250000000000007,0.008840803181710242
1.1260000000000008,0.009587757257335102
1.1270000000000007,0.010275623393913219
1.1280000000000008,0.01103677982528467
1.1290000000000007,0.011728329630949273
1.1300000000000008,0.012505934436201417
1.1310000000000007,0.013633017051095573
1.1320000000000008,0.01498938021985477
1.1330000000000007,0.01646592352509289
1.1340000000000008,0.01803042873379871
1.1350000000000007,0.019698015816729118
1.1360000000000008,0.021568364946546875
1.1370000000000007,0.02349487268558451
1.1380000000000008,0.025408617006636165
1.1390000000000007,0.027764665157285925
1.1400000000000008,0.030901543993072766
1.1410000000000007,0.03455151110746238
1.1420000000000008,0.038596316175940164
1.1430000000000007,0.04297779494456695
1.1440000000000008,0.04781874680436652
1.1450000000000007,0.053409621317846816
1.1460000000000008,0.059682880272936736
1.1470000000000007,0.06714467412622444
1.1480000000000008,0.0755890289590593
1.1490000000000007,0.08528303053461386
1.1500000000000008,0.09616479705264312
1.1510000000000007,0.10861103215720923
1.1520000000000008,0.12263579521935931
1.1530000000000007,0.1385484090471685
1.1540000000000008,0.1563829414381802
1.1550000000000007,0.17630010663513587
1.1560000000000008,0.1981135070947754
1.1570000000000007,0.22146663803037636
1.1580000000000008,0.24634535079856631
1.1590000000000007,0.2722820414975851
1.1600000000000008,0.2995256489466228
1.1610000000000007,0.3263865287264192
1.1620000000000008,0.35326757870944964
1.1630000000000007,0.37852646908808407
1.1640000000000008,0.40217324909120755
1.1650000000000007,0.42544488075164916
1.1660000000000008,0.4463808823197749
1.1670000000000007,0.46496207315506677
1.1680000000000008,0.48141365234975775
1.1690000000000007,0.49558222405906605
1.1700000000000008,0.5096072009298626
1.1710000000000007,0.5216883293452224
1.1720000000000008,0.5322930779564901
1.1730000000000007,0.5418259552450513
1.1740000000000008,0.5496329364963016
1.1750000000000007,0.5569360959624219
1.1760000000000008,0.5622421601695778
1.1770000000000007,0.5668594122315281
1.1780000000000008,0.5714011844432462
1.1790000000000007,0.5747858642980347
1.1800000000000008,0.5780429641641632
1.1810000000000007,0.5798345311035771
1.1820000000000008,0.5818741807461774
1.1830000000000007,0.5826212531997561
1.1840000000000008,0.5832771923204355
1.1850000000000007,0.5832832420686701
1.1860000000000008,0.5828630887230482
1.1870000000000007,0.5821948991830326
1.1880000000000008,0.5817757369166043
1.1890000000000007,0.5816342552570798
1.1900000000000008,0.5805681766463149
1.1910000000000007,0.5806203859222583
1.1920000000000008,0.5826809682336174
1.1930000000000007,0.5821488551479955
1.1940000000000008,0.5817560583540915
1.1950000000000007,0.5820736314917256
1.1960000000000008,0.5791904711302901
1.1970000000000007,0.5792677841147617
1.1980000000000008,0.578430106642297
1.1990000000000007,0.577141451334769
1.2000000000000008,0.5773971789755543
1.2010000000000007,0.5733123550640674
1.2020000000000008,0.572833357742299
1.2030000000000007,0.5723281187465691
1.2040000000000008,0.571793978823369
1.2050000000000007,0.5717448686599349
1.2060000000000008,0.5680420438760467
1.2070000000000007,0.5689574819950666
1.2080000000000009,0.569831730907038
1.2090000000000007,0.5693392381180178
1.2100000000000009,0.5695436649480079
1.2110000000000007,0.5681013666949855
1.2120000000000009,0.569605910362062
1.2130000000000007,0.5699324862167943
1.2140000000000009,0.5716577588143748
1.2150000000000007,0.5723088393077118
1.2160000000000009,0.5712408235448942
1.2170000000000007,0.5730808567050442
1.2180000000000009,0.5745082885962333
1.2190000000000007,0.5741638704296587
1.2200000000000009,0.5753346216255443
1.2210000000000008,0.575705193273982
1.2220000000000009,0.5752962783340781
1.2230000000000008,0.5771742764922616
1.2240000000000009,0.5769697415648805
1.2250000000000008,0.5777432328820731
1.2260000000000009,0.5776245138483408
1.2270000000000008,0.5776184499348445
1.2280000000000009,0.5783060976027434
1.2290000000000008,0.5778125385902871
1.2300000000000009,0.5783289800202104
1.2310000000000008,0.5786638218136001
1.2320000000000009,0.5777540547265078
1.2330000000000008,0.5779523817180071
1.2340000000000009,0.5772821117322797
1.2350000000000008,0.5766259710273649
1.2360000000000009,0.5766787462534173
1.2370000000000008,0.575334809205909
1.2380000000000009,0.5753424741468368
1.2390000000000008,0.5742698390107255
1.2400000000000009,0.5741488853057954
1.2410000000000008,0.5739863324477864
1.2420000000000009,0.5733340348978836
1.2430000000000008,0.5734615525125023
1.2440000000000009,0.5732355166041393
1.2450000000000008,0.5727794698178913
1.2460000000000009,0.5726834246484593
1.2470000000000008,0.5717985653613538
1.2480000000000009,0.5720354859036757
1.2490000000000008,0.570923148263655
1.2500000000000009,0.5710301743222975
1.2510000000000008,0.56991435898547
1.252000000000001,0.5688380361568085
1.2530000000000008,0.568591227004826
1.254000000000001,0.5679460946982909
1.2550000000000008,0.5669997970070751
1.256000000000001,0.5664367330834802
1.2570000000000008,0.5660746247637731
1.258000000000001,0.5649549590264529
1.2590000000000008,0.5640648076424913
1.260000000000001,0.5631579786093679
1.2610000000000008,0.5625435762137428
1.262000000000001,0.5619820021890907
1.2630000000000008,0.560676645922908
1.264000000000001,0.5600142333735639
1.2650000000000008,0.5586633285898749
1.266000000000001,0.5576247283000424
1.2670000000000008,0.5566961238487257
1.268000000000001,0.5550139138566647
1.2690000000000008,0.5534758108841843
1.270000000000001,0.5521563431286957
1.2710000000000008,0.5508331673955446
1.272000000000001,0.5494944757768683
1.2730000000000008,0.5474542397733343
1.274000000000001,0.5458601119673434
1.2750000000000008,0.5438373040590702
1.276000000000001,0.5424534519965578
1.2770000000000008,0.5409530390676991
1.278000000000001,0.5391583067319197
1.2790000000000008,0.5374239631448687
1.280000000000001,0.5357753886500267
1.2810000000000008,0.5342811364987272
1.282000000000001,0.5329415783099871
1.2830000000000008,0.5316213140524765
1.284000000000001,0.5303346140913442
1.2850000000000008,0.5284930101458003
1.286000000000001,0.5276127010780085
1.2870000000000008,0.5276549383116085
1.288000000000001,0.5264620250350135
1.2890000000000008,0.5258705945086133
1.290000000000001,0.5255814425282979
1.2910000000000008,0.5262835488395887
1.292000000000001,0.526596519284679
1.2930000000000008,0.5271998032801934
1.294000000000001,0.5281338980248047
1.2950000000000008,0.5293139006118033
1.296000000000001,0.5313587922599711
1.2970000000000008,0.5331775385948964
1.298000000000001,0.5348120129607896
1.2990000000000008,0.5368190216669644
1.300000000000001,0.5378657273438653
1.3010000000000008,0.5397784335257382
1.302000000000001,0.5420692706420199
1.3030000000000008,0.5441583605353515
1.304000000000001,0.5456561195073323
1.3050000000000008,0.5472459158609729
1.306000000000001,0.5482566286226577
1.3070000000000008,0.5497295007575946
1.308000000000001,0.5503260478101746
1.3090000000000008,0.5508924770387268
1.310000000000001,0.5508877855582119
1.3110000000000008,0.5498838167946147
1.312000000000001,0.5484624814540532
1.3130000000000008,0.5458358178899461
1.314000000000001,0.5420999134391212
1.3150000000000008,0.5381337580082827
1.316000000000001,0.532139283965349
1.3170000000000008,0.5269542817731485
1.318000000000001,0.5200825389170975
1.3190000000000008,0.5131749809584386
1.320000000000001,0.5055663816727807
1.3210000000000008,0.49716659564534366
1.322000000000001,0.48995942744552307
1.3230000000000008,0.4819602406406465
1.324000000000001,0.4739448372903262
1.3250000000000008,0.4661023527150295
1.326000000000001,0.45809620143361474
1.3270000000000008,0.45027739544916623
1.328000000000001,0.4427701522604247
1.3290000000000008,0.4350387103753021
1.330000000000001,0.42697762655446464
1.3310000000000008,0.4189128377274134
1.332000000000001,0.4111155470091897
1.3330000000000009,0.4019301261502351
1.334000000000001,0.3920956079812209
1.3350000000000009,0.38194223657351833
1.336000000000001,0.36878360425169404
1.3370000000000009,0.3559546317393845
1.338000000000001,0.3390230333761066
1.3390000000000009,0.3198869818576244
1.340000000000001,0.30127147535124527
1.3410000000000009,0.27984603322704127
1.342000000000001,0.2570184331791438
1.3430000000000009,0.23312822421333892
1.344000000000001,0.21006665269802943
1.3450000000000009,0.18791078546786574
1.346000000000001,0.1663202884010855
1.3470000000000009,0.14611604979561052
1.348000000000001,0.12796829451412073
1.3490000000000009,0.110087062102988
1.350000000000001,0.09532514539479855
1.3510000000000009,0.08209347821595975
1.352000000000001,0.07018586913720558
1.3530000000000009,0.059859136618823104
1.354000000000001,0.05131870945434148
1.3550000000000009,0.04387016851925871
1.356000000000001,0.037294724046960964
1.3570000000000009,0.031907296944496955
1.358000000000001,0.02739261689884678
1.3590000000000009,0.023514167601301383
1.360000000000001,0.020515931153679237
1.3610000000000009,0.018177454805415248
1.362000000000001,0.016267088607439986
1.3630000000000009,0.014165102207271407
1.364000000000001,0.012238010433177765
1.3650000000000009,0.010250645558812815
1.366000000000001,0.009016609481628423
1.3670000000000009,0.008422268446659132
1.368000000000001,0.00781087259916313
1.3690000000000009,0.006959850402241851
1.370000000000001,0.012448527671794407
1.3710000000000009,0.011107615016328625
1.372000000000001,0.009321117637655987
1.3730000000000009,0.008187702482011672
1.374000000000001,0.007388691731025565
1.3750000000000009,0.006655089729256693
1.376000000000001,0.005464204450696712
1.377000000000001,0.004444138278478485
1.378000000000001,0.0037143196646634534
1.379000000000001,0.0034152531112295404
1.380000000000001,0.0031104227618146876
1.381000000000001,0.003112584165670073
1.382000000000001,0.0030053382730163805
1.383000000000001,0.002685463688314974
1.384000000000001,0.0023561436970478316
1.385000000000001,0.002128150337831914
1.386000000000001,0.0020241196942014233
1.387000000000001,0.0018735344192691383
1.388000000000001,0.0016394032445967049
1.389000000000001,0.001510667204114863
1.390000000000001,0.0013530212704859206
1.391000000000001,0.001201436542374181
1.392000000000001,0.0010930913732361042
1.393000000000001,0.0010212647738359892
1.394000000000001,0.001041035028338407
1.395000000000001,0.0009897739785664171
1.396000000000001,0.000815886019151327
1.397000000000001,0.0006998611570583497
1.398000000000001,0.0007004506835455744
1.399000000000001,0.0007162269013213263
1.400000000000001,0.0006658357807953126
1.401000000000001,0.0005963373942743503
1.402000000000001,0.000542332043537235
1.403000000000001,0.0005209984191916484
1.404000000000001,0.0004954691983558925
1.405000000000001,0.0004634208937182929
1.406000000000001,0.00043970268269390617
1.407000000000001,0.0004287683610095816
1.408000000000001,0.0004095422347443076
1.409000000000001,0.00037407540454908073
1.410000000000001,0.0003484072794819835
1.411000000000001,0.00033986976994270667
1.412000000000001,0.0003201073839120524
1.413000000000001,0.00031984981094360435
1.414000000000001,0.0002842118189598764
1.415000000000001,0.0002744187657059237
1.416000000000001,0.000261855159448126
1.417000000000001,0.00026077013478299744
1.418000000000001,0.00024698160466589533
1.419000000000001,0.00023264963905761762
1.420000000000001,0.00022233623846760353
1.421000000000001,0.00022487102939238823
1.422000000000001,0.00020763715254377394
1.423000000000001,0.0002039890539056614
1.424000000000001,0.00018381983492211774
1.425000000000001,0.00017745713371237167
1.426000000000001,0.0001741750709017439
1.427000000000001,0.00016296459509433571
1.428000000000001,0.00015771073748942387
1.429000000000001,0.00015136581158554525
1.430000000000001,0.00014478750202264137
1.431000000000001,0.0001513716921789235
1.432000000000001,0.00014171123277563838
1.433000000000001,0.0001391799339462836
1.434000000000001,0.00012740298320907347
1.435000000000001,0.00012734295641442258
1.436000000000001,0.00012765793174308388
1.437000000000001,0.00012419778619132097
1.438000000000001,0.00011824791986227738
1.439000000000001,0.00011375887698626503
1.440000000000001,0.00010912525350535876
1.441000000000001,0.00010068985441851257
1.442000000000001,9.467611309328639e-05
1.443000000000001,9.404421492750882e-05
1.444000000000001,9.726909897167643e-05
1.445000000000001,9.255109995757207e-05
1.446000000000001,8.425376785762844e-05
1.447000000000001,7.527013400466575e-05
1.448000000000001,7.636339998122615e-05
1.449000000000001,7.696557876810312e-05
1.450000000000001,7.742246018425244e-05
1.451000000000001,7.06845112759513e-05
1.452000000000001,6.612626628540242e-05
1.453000000000001,6.731946885275786e-05
1.454000000000001,6.585744566559555e-05
1.455000000000001,5.887289363921081e-05
1.456000000000001,5.560776178021402e-05
1.457000000000001,5.636446415625193e-05
1.458000000000001,5.375859965813523e-05
1.459000000000001,4.903514524691913e-05
1.460000000000001,4.845039731021424e-05
1.461000000000001,5.0669112796827704e-05
1.462000000000001,4.652782248379972e-05
1.463000000000001,4.3099622649584746e-05
1.464000000000001,4.174220908050087e-05
1.465000000000001,4.0650264671434914e-05
1.466000000000001,4.174650391423558e-05
1.467000000000001,3.855443844593134e-05
1.468000000000001,3.9805672729766705e-05
1.469000000000001,3.151783578632965e-05
1.470000000000001,3.167023566086922e-05
1.471000000000001,3.471044433151849e-05
1.472000000000001,3.370042259203053e-05
1.473000000000001,3.0157166178506685e-05
1.474000000000001,2.8547231897877704e-05
1.475000000000001,2.906992967989016e-05
1.476000000000001,3.234439533805555e-05
1.477000000000001,2.3505939433647504e-05
1.478000000000001,2.205493847503677e-05
1.479000000000001,2.612389007373123e-05
1.480000000000001,2.408460357891769e-05
1.481000000000001,2.2204104022138897e-05
1.482000000000001,2.5992248712573714e-05
1.483000000000001,2.419754620448925e-05
1.484000000000001,1.924541234206631e-05
1.485000000000001,1.9841137272977052e-05
1.486000000000001,1.5561644579412546e-05
1.487000000000001,1.4228909681955968e-05
1.488000000000001,1.861005727715172e-05
1.489000000000001,2.0401643643797226e-05
1.490000000000001,1.4327546827601168e-05
1.491000000000001,1.5247571621638537e-05
1.492000000000001,1.9474596826460425e-05
1.493000000000001,1.563912329923954e-05
1.494000000000001,1.3208798045773367e-05
1.495000000000001,1.7090210371554016e-05
1.496000000000001,1.9284127099919328e-05
1.497000000000001,1.1402883989557502e-05
1.498000000000001,1.4591104637536532e-05
1.499000000000001,1.7582518659550254e-05
1.500000000000001,1.3257146891892921e-05
1.501000000000001,1.175006873393067e-05
1.5020000000000011,7.636263498697182e-06
1.503000000000001,1.0162262175228606e-05
1.5040000000000011,9.179602466091981e-06
1.505000000000001,9.769549209738422e-06
1.5060000000000011,1.1788728564818685e-05
1.507000000000001,1.2064222958373011e-05
1.5080000000000011,1.1211614090641471e-05
1.509000000000001,9.225422318771603e-06
1.5100000000000011,1.0896940475522282e-05
1.511000000000001,1.2033702856761827e-05
1.5120000000000011,8.83562449340649e-06
1.513000000000001,1.1728359528432287e-05
1.5140000000000011,9.058749628293757e-06
1.515000000000001,5.638386519573999e-06
1.5160000000000011,6.924339023086629e-06
1.517000000000001,6.518335304316984e-06
1.5180000000000011,7.889601689823137e-06
1.519000000000001,1.018253630097139e-05
1.5200000000000011,9.452336219580887e-06
1.521000000000001,6.627517020384306e-06
1.5220000000000011,1.1434836431401303e-05
1.523000000000001,1.2656827616345912e-05
1.5240000000000011,6.34292147518872e-06
1.525000000000001,4.0796206371424405e-06
1.5260000000000011,5.434823058401177e-06
1.527000000000001,5.780852985394972e-06
1.5280000000000011,7.658278211552986e-06
1.529000000000001,5.285909919275946e-06
1.5300000000000011,8.414218533743747e-06
1.531000000000001,7.04880410960183e-06
1.5320000000000011,5.359994602823524e-06
1.533000000000001,7.785367561265149e-06
1.5340000000000011,8.454429483313899e-06
1.535000000000001,1.1698385747823656e-05
1.5360000000000011,7.632141340503447e-06
1.537000000000001,1.1589400609097503e-06
1.5380000000000011,3.1025564575736955e-06
1.539000000000001,3.640073061438025e-06
1.5400000000000011,2.2626597411904693e-06
1.541000000000001,7.765956610724585e-06
1.5420000000000011,6.058260956722147e-06
1.543000000000001,9.154479232665284e-06
1.5440000000000011,7.589999471604053e-06
1.545000000000001,4.7555348088811325e-06
1.5460000000000012,9.008298357759162e-06
1.547000000000001,1.0517246010898174e-05
1.5480000000000012,8.857342477587581e-06
1.549000000000001,7.37837455529809e-06
1.5500000000000012,4.121792175555655e-06
1.551000000000001,6.29158683767123e-06
1.5520000000000012,7.126093829148224e-06
1.553000000000001,7.966338715707487e-07
1.5540000000000012,4.594405914313782e-06
1.555000000000001,5.243652107128683e-06
1.5560000000000012,8.891016680358805e-06
1.557000000000001,8.211350623136656e-06
1.5580000000000012,7.168060214683513e-06
1.559000000000001,1.0298873318758776e-05
1.5600000000000012,1.1060460980709101e-05
1.561000000000001,7.3370220361225175e-06
1.5620000000000012,4.973879350315247e-06
1.563000000000001,6.7963091037813686e-06
1.5640000000000012,6.530107011728549e-06
1.565000000000001,3.909800110963908e-06
1.5660000000000012,6.594544552908666e-06
1.567000000000001,8.440802826947739e-06
1.5680000000000012,2.884032122956086e-06
1.569000000000001,1.6435026238906395e-07
1.5700000000000012,6.784031340014466e-06
1.571000000000001,3.716646166221432e-06
1.5720000000000012,1.677765402490634e-06
1.573000000000001,1.0262472940255227e-05
1.5740000000000012,9.502108483237111e-06
1.575000000000001,2.1150336667721045e-07
1.5760000000000012,9.977356920551645e-06
1.577000000000001,5.691231412360737e-06
1.5780000000000012,1.2330385928261662e-05
1.579000000000001,1.7350834926710968e-06
1.5800000000000012,2.4771009403853335e-06
1.581000000000001,1.1052424934317692e-06
1.5820000000000012,4.258446949839683e-06
1.583000000000001,1.1619575132333907e-05
1.5840000000000012,5.418287709600641e-06
1.585000000000001,2.92540198385313e-06
1.5860000000000012,1.2678402674554774e-06
1.587000000000001,7.112435955551982e-06
1.5880000000000012,3.2188285822450374e-06
1.589000000000001,3.556393936818553e-06
1.5900000000000012,5.751683019263455e-06
1.591000000000001,6.21619932188736e-06
1.5920000000000012,1.0752013759236266e-05
1.593000000000001,1.0361729622719326e-05
1.5940000000000012,7.450355159898355e-06
1.595000000000001,4.298707579133465e-06
1.5960000000000012,5.687907311590007e-06
1.597000000000001,4.699770612136225e-06
1.5980000000000012,5.498857907838194e-06
1.599000000000001,6.270320845562479e-06
1.6000000000000012,2.387012241936236e-07
1.601000000000001,7.661533644023954e-06
1.6020000000000012,1.5073245437677775e-06
1.603000000000001,1.2697773780897894e-05
1.6040000000000012,7.134267340915724e-06
1.605000000000001,7.361377348246525e-06
1.6060000000000012,1.8561767002159725e-06
1.607000000000001,1.8620725531432603e-07
1.6080000000000012,4.59666762362006e-06
1.609000000000001,5.456976155712162e-06
1.6100000000000012,7.121608974153703e-06
1.611000000000001,1.394478079546754e-06
1.6120000000000012,4.961218833358908e-06
1.613000000000001,6.245339030030841e-06
1.6140000000000012,8.454038712581439e-06
1.615000000000001,5.466986150793208e-06
1.6160000000000012,3.8087710921041237e-06
1.617000000000001,4.816676878411229e-06
1.6180000000000012,5.824760262061177e-06
1.619000000000001,3.722810142085819e-07
1.6200000000000012,5.777922939805249e-06
1.621000000000001,6.927671016304467e-06
1.6220000000000012,7.979921238597078e-06
1.623000000000001,7.358815940929356e-06
1.6240000000000012,4.685814963358018e-06
1.625000000000001,3.2063126279156073e-06
1.6260000000000012,5.482642936809222e-07
1.6270000000000011,8.227089614059374e-06
1.6280000000000012,4.560439556784744e-06
1.6290000000000011,6.244758969178266e-07
1.6300000000000012,4.496401211246264e-06
1.6310000000000011,3.8307914324958345e-06
1.6320000000000012,6.464463051211887e-06
1.6330000000000011,7.115860873223258e-06
1.6340000000000012,7.172909547541059e-07
1.6350000000000011,9.092450750127646e-07
1.6360000000000012,4.034629643334749e-06
1.6370000000000011,1.0647398762530381e-06
1.6380000000000012,3.0092225741135035e-06
1.6390000000000011,4.087541038804946e-06
1.6400000000000012,3.371437564161936e-06
1.6410000000000011,3.7633789091921607e-06
1.6420000000000012,4.85041091839074e-08
1.6430000000000011,8.671202742915902e-07
1.6440000000000012,1.567202090801158e-06
1.6450000000000011,1.0884260288655798e-06
1.6460000000000012,1.250189814728903e-06
1.6470000000000011,2.8507155278038023e-06
1.6480000000000012,3.7715598187556167e-06
1.6490000000000011,2.4361336296530677e-07
1.6500000000000012,1.2818173321325962e-06
1.6510000000000011,2.8722186623153363e-06
1.6520000000000012,8.884651233795854e-07
1.6530000000000011,1.1723055503318965e-06
1.6540000000000012,2.5943188288013397e-06
1.6550000000000011,1.0757897861435055e-06
1.6560000000000012,2.2075465497873525e-06
1.6570000000000011,1.0194252745584858e-06
1.6580000000000013,2.7461207932772686e-07
1.6590000000000011,1.7059987334683493e-06
1.6600000000000013,8.516001996488816e-07
1.6610000000000011,6.924003085560902e-07
1.6620000000000013,1.8183719405016003e-07
1.6630000000000011,1.1366901780670561e-07
1.6640000000000013,6.780895935826277e-07
1.6650000000000011,7.685886541713696e-07
1.6660000000000013,1.0823175615601737e-06
1.6670000000000011,1.2409276871484993e-06
1.6680000000000013,8.33935263310831e-07
1.6690000000000011,6.327777562472088e-07
1.6700000000000013,2.0168492626350945e-07
1.6710000000000012,3.226115497024085e-07
1.6720000000000013,3.26350526074191e-08
1.6730000000000012,4.031187819315565e-07
1.6740000000000013,2.4772739296646155e-07
1.6750000000000012,1.8452827448548164e-08
1.6760000000000013,1.8441814707184312e-07
1.6770000000000012,5.48784122705815e-10
1.6780000000000013,9.03712178375834e-08
1.6790000000000012,1.1931310653828017e-07
1.6800000000000013,1.6943802924823154e-07
1.6810000000000012,2.9010467311784943e-08
1.6820000000000013,1.189947794170661e-07
1.6830000000000012,8.398277632162859e-08
1.6840000000000013,8.215882784276993e-08
1.6850000000000012,3.266454088167859e-08
1.6860000000000013,1.3889350657052358e-07
1.6870000000000012,1.2128989158528386e-07
1.6880000000000013,5.021248480649867e-08
1.6890000000000012,6.961425764639923e-08
1.6900000000000013,6.107681780323126e-08
1.6910000000000012,1.0320308505027173e-07
1.6920000000000013,8.315119022054046e-08
1.6930000000000012,5.380486646769541e-09
1.6940000000000013,6.277369189021049e-08
1.6950000000000012,4.1578272973534893e-08
1.6960000000000013,3.5831457426015004e-08
1.6970000000000012,5.380948716467032e-08
1.6980000000000013,5.446289258591304e-08
1.6990000000000012,2.5633983582829767e-10
1.7000000000000013,3.4244606340472086e-08
1.7010000000000012,5.1204726916935333e-08
1.7020000000000013,1.5622420164748899e-09
1.7030000000000012,1.1080890535088518e-08
1.7040000000000013,3.9659859629436196e-08
1.7050000000000012,6.629038643308186e-09
1.7060000000000013,5.572337059881449e-08
1.7070000000000012,1.0070053083830042e-08
1.7080000000000013,4.272661506644886e-08
1.7090000000000012,2.511425595006468e-08
1.7100000000000013,3.581247445645612e-08
1.7110000000000012,6.2949414787541065e-09
1.7120000000000013,1.1570688202193416e-08
1.7130000000000012,1.0078540945743318e-08
1.7140000000000013,3.0945205609074796e-08
1.7150000000000012,3.5715612421685515e-08
1.7160000000000013,3.6792176541376985e-08
1.7170000000000012,1.5167071435178475e-08
1.7180000000000013,3.596083571416859e-08
1.7190000000000012,3.341277508800848e-08
1.7200000000000013,4.68882288756094e-08
1.7210000000000012,1.2688432532754527e-08
1.7220000000000013,2.006022905959495e-09
1.7230000000000012,2.544238224530125e-08
1.7240000000000013,5.218979027145541e-09
1.7250000000000012,8.774456948125662e-09
1.7260000000000013,8.644029494655603e-11
1.7270000000000012,3.359773413391267e-08
1.7280000000000013,1.6195502061188275e-08
1.7290000000000012,5.98568185485948e-09
1.7300000000000013,1.5037681603878375e-08
1.7310000000000012,8.53009860395323e-09
1.7320000000000013,2.446504506457861e-08
1.7330000000000012,1.590236711417319e-08
1.7340000000000013,2.9684582548239266e-08
1.7350000000000012,4.0612647662161786e-09
1.7360000000000013,1.469566169693244e-08
1.7370000000000012,1.84308428697206e-08
1.7380000000000013,2.8543498359157636e-08
1.7390000000000012,3.66989862745213e-08
1.7400000000000013,2.8380706117451527e-08
1.7410000000000012,1.4679756646429962e-08
1.7420000000000013,2.8054800966515214e-08
1.7430000000000012,6.850628765822608e-09
1.7440000000000013,3.898355516543458e-09
1.7450000000000012,2.28356814346862e-08
1.7460000000000013,1.128741344260129e-08
1.7470000000000012,1.9247429791909398e-09
1.7480000000000013,5.562211698770667e-09
1.7490000000000012,2.7566538656661968e-08
1.7500000000000013,1.6801000955970714e-08
1.7510000000000012,1.6637976321895557e-08
1.7520000000000013,7.797055490885955e-09
1.7530000000000012,3.474439311410594e-08
1.7540000000000013,3.311338380999712e-08
1.7550000000000012,3.099299343625702e-08
1.7560000000000013,2.4305165913584e-08
1.7570000000000012,3.034084446100895e-08
1.7580000000000013,8.515058209336584e-09
1.7590000000000012,6.3618602303318266e-09
1.7600000000000013,1.2495414992682992e-08
1.7610000000000012,8.417323422049178e-09
1.7620000000000013,1.9249024198958818e-08
1.7630000000000012,1.569293520027073e-08
1.7640000000000013,2.6426918307066377e-08
1.7650000000000012,2.9037144658636346e-08
1.7660000000000013,3.3604970960814366e-08
1.7670000000000012,7.993459563160967e-09
1.7680000000000013,2.202291836727085e-08
1.7690000000000012,1.3980552046139389e-08
1.7700000000000014,2.805913921305547e-08
1.7710000000000012,1.1517361438754347e-08
1.7720000000000014,3.637940203165606e-08
1.7730000000000012,2.1370977499446243e-08
1.7740000000000014,6.639722040083188e-09
1.7750000000000012,1.9087267037345405e-08
1.7760000000000014,1.3426416679696208e-08
1.7770000000000012,2.9691632189123684e-08
1.7780000000000014,3.2138922200177053e-09
1.7790000000000012,8.923902293729493e-09
1.7800000000000014,6.852028628285329e-09
1.7810000000000012,2.381908818563771e-08
1.7820000000000014,9.070880931234592e-09
1.7830000000000013,5.759062319839192e-09
1.7840000000000014,2.3982629906584245e-08
1.7850000000000013,2.8550907540937904e-08
1.7860000000000014,1.0637311146431905e-08
1.7870000000000013,3.018272129500086e-08
1.7880000000000014,3.0509189448655395e-08
1.7890000000000013,1.0099086924193411e-08
1.7900000000000014,9.201803677685918e-09
1.7910000000000013,2.0231027596755424e-08
1.7920000000000014,1.8436441465050058e-08
1.7930000000000013,4.307298603626631e-08
1.7940000000000014,3.361016711200962e-08
1.7950000000000013,2.153673086943966e-11
1.7960000000000014,1.1649477831432153e-08
1.7970000000000013,3.246861189033144e-08
1.7980000000000014,3.6710944789965015e-08
1.7990000000000013,2.431093767344619e-08
1.8000000000000014,1.696880186911364e-08
1.8010000000000013,4.389070102520405e-08
1.8020000000000014,3.295906933232869e-08
1.8030000000000013,1.055681715254835e-10
1.8040000000000014,1.176438237066829e-08
1.8050000000000013,3.867117438422447e-09
1.8060000000000014,1.3885890088063303e-08
1.8070000000000013,2.366014019109768e-08
1.8080000000000014,2.937155667769573e-09
1.8090000000000013,1.3706888927226336e-08
1.8100000000000014,1.664427670714855e-08
1.8110000000000013,2.0234458592887327e-08
1.8120000000000014,1.697103740564614e-08
1.8130000000000013,2.13772332028663e-08
1.8140000000000014,1.6645065900891205e-08
1.8150000000000013,6.870250792304062e-09
1.8160000000000014,3.6065164427173656e-09
1.8170000000000013,1.171723755539336e-08
1.8180000000000014,9.595845888876981e-09
1.8190000000000013,2.8885796845604876e-09
1.8200000000000014,1.4312510794363376e-08
1.8210000000000013,1.5177642884839992e-08
1.8220000000000014,3.410930066697552e-09
1.8230000000000013,1.8278884954803742e-08
1.8240000000000014,1.6141099547573198e-08
1.8250000000000013,2.0237816654370827e-08
1.8260000000000014,1.473787503506187e-08
1.8270000000000013,2.3502537755359624e-09
1.8280000000000014,2.4645314335186158e-08
1.8290000000000013,4.341543916407128e-08
1.8300000000000014,1.0396978395862982e-08
1.8310000000000013,2.8563466000407276e-08
1.8320000000000014,6.594158305700194e-09
1.8330000000000013,4.7334865683934166e-08
1.8340000000000014,4.439736573423356e-08
1.8350000000000013,2.905450280946496e-08
1.8360000000000014,1.6812636279450496e-08
1.8370000000000013,1.1915893150490504e-08
1.8380000000000014,2.774966909872892e-10
1.8390000000000013,3.6238232651447016e-08
1.8400000000000014,5.207267216785944e-08
1.8410000000000013,1.023509479606786e-08
1.8420000000000014,8.24367484749411e-09
1.8430000000000013,3.770913779053867e-09
1.8440000000000014,2.2364558889343457e-08
1.8450000000000013,1.3859660966759179e-08
1.8460000000000014,1.861036602153348e-08
1.8470000000000013,2.3181607841076978e-08
1.8480000000000014,2.4651156816609665e-08
1.8490000000000013,4.081365721656885e-08
1.8500000000000014,4.244670653476031e-09
1.8510000000000013,1.2668859470753432e-08
1.8520000000000014,3.999880610645909e-09
1.8530000000000013,3.5591196191026835e-08
1.8540000000000014,5.959147045726451e-08
1.8550000000000013,1.9102149776812823e-08
1.8560000000000014,3.722514326285588e-08
1.8570000000000013,2.6613027443311174e-08
1.8580000000000014,2.8899151404658044e-08
1.8590000000000013,3.102205556646595e-08
1.8600000000000014,1.5331608090661257e-08
1.8610000000000013,1.1053910198773417e-08
1.8620000000000014,2.661460434044875e-09
1.8630000000000013,1.1184797553302513e-08
1.8640000000000014,2.0737023676380584e-08
1.8650000000000013,8.572493259556527e-09
1.8660000000000014,3.869914243132599e-08
1.8670000000000013,3.200473332316871e-08
1.8680000000000014,1.910509270781793e-08
1.8690000000000013,7.707444968868194e-09
1.8700000000000014,1.5643685962492915e-08
1.8710000000000013,1.9269069073567754e-09
1.8720000000000014,7.413780525560323e-09
1.8730000000000013,1.796311720615647e-08
1.8740000000000014,5.82991711835963e-09
1.8750000000000013,9.716643663997415e-09
1.8760000000000014,2.3026268748334908e-08
1.8770000000000013,3.0865364257118667e-08
1.8780000000000014,1.244427843702524e-08
1.8790000000000013,4.654411257550908e-08
1.8800000000000014,5.944651832235754e-08
1.8810000000000013,5.177134503743042e-08
1.8820000000000014,3.788988758145247e-08
1.8830000000000013,2.0905013255864035e-08
1.8840000000000015,3.315443728940759e-08
1.8850000000000013,2.3682021514794266e-08
1.8860000000000015,1.4503368464808689e-08
1.8870000000000013,4.2955305186437277e-08
1.8880000000000015,1.587568491975869e-08
1.8890000000000013,4.867294402869468e-08
1.8900000000000015,3.707680940328071e-08
1.8910000000000013,5.308416663137158e-08
1.8920000000000015,6.451844385210788e-08
1.8930000000000013,3.952822379755477e-08
1.8940000000000015,6.141648032457812e-08
1.8950000000000014,5.52101497235077e-09
1.8960000000000015,2.466518159748704e-09
1.8970000000000014,2.4338778804999515e-08
1.8980000000000015,4.622789266243204e-08
1.8990000000000014,5.57028203504548e-08
1.9000000000000015,4.4594606068201515e-08
1.9010000000000014,2.8422510495989822e-08
1.9020000000000015,3.315909946924056e-08
1.9030000000000014,2.874834577332716e-08
1.9040000000000015,2.5644447488042787e-08
1.9050000000000014,4.034448254843408e-08
1.9060000000000015,1.7966909643247195e-08
1.9070000000000014,6.810990203839276e-08
1.9080000000000015,8.133866600785494e-08
1.9090000000000014,3.5605549970475214e-08
1.9100000000000015,4.377130559114396e-08
1.9110000000000014,2.0415415425902464e-08
1.9120000000000015,2.7927870429022315e-08
1.9130000000000014,9.34181453998152e-08
1.9140000000000015,6.908266476172013e-08
1.9150000000000014,8.606624016137752e-08
1.9160000000000015,4.5073864996781775e-08
1.9170000000000014,6.352706930252505e-08
1.9180000000000015,1.3962681626192433e-08
1.9190000000000014,2.024966800976372e-08
1.9200000000000015,2.6618116906244055e-08
1.9210000000000014,8.26292369086021e-08
1.9220000000000015,2.5964134540159895e-08
1.9230000000000014,8.066723607082647e-08
1.9240000000000015,2.6453232178495845e-08
1.9250000000000014,6.107012833266486e-08
1.9260000000000015,8.180662153921445e-08
1.9270000000000014,7.902956553268928e-08
1.9280000000000015,3.167666588145471e-08
1.9290000000000014,4.3758862985717556e-08
1.9300000000000015,4.506442332974524e-08
1.9310000000000014,6.38403110305796e-08
1.9320000000000015,5.2410315024896113e-08
1.9330000000000014,3.2327374088152435e-08
1.9340000000000015,7.10211984170776e-08
1.9350000000000014,7.379563513959476e-08
1.9360000000000015,2.906067805168291e-08
1.9370000000000014,2.7917424602497643e-08
1.9380000000000015,8.473056452853035e-08
1.9390000000000014,3.62425892550397e-08
1.9400000000000015,9.844123540609307e-08
1.9410000000000014,1.4578226802434438e-07
1.9420000000000015,1.6161510125724388e-08
1.9430000000000014,6.007420927063558e-08
1.9440000000000015,2.6118830522778206e-08
1.9450000000000014,7.492727367799955e-08
1.9460000000000015,1.2226511563039438e-07
1.9470000000000014,6.741620430531073e-08
1.9480000000000015,5.8110918974044086e-08
1.9490000000000014,6.41495768467319e-08
1.9500000000000015,6.333247658132751e-08
1.9510000000000014,1.287849900625272e-07
1.9520000000000015,5.843388643216341e-08
1.9530000000000014,9.23829181821936e-08
1.9540000000000015,8.781142418346255e-08
1.9550000000000014,6.952993831650744e-08
1.9560000000000015,7.083460463845047e-08
1.9570000000000014,8.307436431665338e-08
1.9580000000000015,1.060855178466062e-07
1.9590000000000014,5.973341289031291e-08
1.9600000000000015,8.894596380938066e-08
1.9610000000000014,8.714941971232697e-08
1.9620000000000015,1.0558957036364801e-07
1.9630000000000014,9.644899849234903e-08
1.9640000000000015,1.1570442702233871e-07
1.9650000000000014,9.595653699809292e-08
1.9660000000000015,6.478601185348123e-08
1.9670000000000014,1.2353218355344407e-07
1.9680000000000015,1.0770148049207577e-07
1.9690000000000014,1.2907666038205034e-07
1.9700000000000015,1.297274449537106e-07
1.9710000000000014,1.827579414248098e-07
1.9720000000000015,1.2319658955869267e-07
1.9730000000000014,1.551764276529049e-07
1.9740000000000015,1.2874066105244144e-07
1.9750000000000014,1.3657074810554353e-07
1.9760000000000015,1.4962186534730294e-07
1.9770000000000014,1.4407211490553962e-07
1.9780000000000015,1.5010686469354766e-07
1.9790000000000014,1.5320460427911175e-07
1.9800000000000015,1.5140760855014865e-07
1.9810000000000014,1.5320001735135647e-07
1.9820000000000015,1.3900368559544022e-07
1.9830000000000014,1.5988447484813502e-07
1.9840000000000015,1.186064011324398e-07
1.9850000000000014,1.2888260545746495e-07
1.9860000000000015,1.8434830870671544e-07
1.9870000000000014,1.50576054518361e-07
1.9880000000000015,2.0391901443693193e-07
1.9890000000000014,2.0065330617922732e-07
1.9900000000000015,1.9575639236584935e-07
1.9910000000000014,1.892283462635995e-07
1.9920000000000015,2.1532558405600694e-07
1.9930000000000014,2.0879744030938725e-07
1.9940000000000015,2.5609927611478365e-07
1.9950000000000014,2.2020945639273225e-07
1.9960000000000016,2.087880623056764e-07
1.9970000000000014,2.0062927477513317e-07
1.9980000000000016,2.642394788130045e-07
1.9990000000000014,1.7452593158485828e-07
2.0000000000000013,2.2182436316679602e-07
2.0010000000000017,2.2182436316679602e-07
2.0020000000000016,2.2182436316679602e-07
2.0030000000000014,2.2182436316679602e-07
2.0040000000000013,2.2182436316679602e-07
2.0050000000000017,2.2182436316679602e-07
2.0060000000000016,2.2182436316679602e-07
2.0070000000000014,2.2182436316679602e-07
2.0080000000000013,2.2182436316679602e-07
2.0090000000000017,2.2182436316679602e-07
2.0100000000000016,2.2182436316679602e-07
2.0110000000000015,2.2182436316679602e-07
2.0120000000000013,2.2182436316679602e-07
2.0130000000000017,2.2182436316679602e-07
2.0140000000000016,2.2182436316679602e-07
2.0150000000000015,2.2182436316679602e-07
2.0160000000000013,2.2182436316679602e-07
2.0170000000000017,2.2182436316679602e-07
2.0180000000000016,2.2182436316679602e-07
2.0190000000000015,2.2182436316679602e-07
2.0200000000000014,2.2182436316679602e-07
2.0210000000000017,2.2182436316679602e-07
2.0220000000000016,2.2182436316679602e-07
2.0230000000000015,2.2182436316679602e-07
2.0240000000000014,2.2182436316679602e-07
2.0250000000000017,2.2182436316679602e-07
2.0260000000000016,2.2182436316679602e-07
2.0270000000000015,2.2182436316679602e-07
2.0280000000000014,2.2182436316679602e-07
2.0290000000000017,2.2182436316679602e-07
2.0300000000000016,2.2182436316679602e-07
2.0310000000000015,2.2182436316679602e-07
2.0320000000000014,2.2182436316679602e-07
2.0330000000000017,2.2182436316679602e-07
2.0340000000000016,2.2182436316679602e-07
2.0350000000000015,2.2182436316679602e-07
2.0360000000000014,2.2182436316679602e-07
2.0370000000000017,2.2182436316679602e-07
2.0380000000000016,2.2182436316679602e-07
2.0390000000000015,2.2182436316679602e-07
2.0400000000000014,2.2182436316679602e-07
2.0410000000000017,2.2182436316679602e-07
2.0420000000000016,2.2182436316679602e-07
2.0430000000000015,2.2182436316679602e-07
2.0440000000000014,2.2182436316679602e-07
2.0450000000000017,2.2182436316679602e-07
2.0460000000000016,2.2182436316679602e-07
2.0470000000000015,2.2182436316679602e-07
2.0480000000000014,2.2182436316679602e-07
2.0490000000000017,2.2182436316679602e-07
2.0500000000000016,2.2182436316679602e-07
2.0510000000000015,2.2182436316679602e-07
2.0520000000000014,2.2182436316679602e-07
2.0530000000000017,2.2182436316679602e-07
2.0540000000000016,2.2182436316679602e-07
2.0550000000000015,2.2182436316679602e-07
2.0560000000000014,2.2182436316679602e-07
2.0570000000000017,2.2182436316679602e-07
2.0580000000000016,2.2182436316679602e-07
2.0590000000000015,2.2182436316679602e-07
2.0600000000000014,2.2182436316679602e-07
2.0610000000000017,2.2182436316679602e-07
2.0620000000000016,2.2182436316679602e-07
2.0630000000000015,2.2182436316679602e-07
2.0640000000000014,2.2182436316679602e-07
2.0650000000000017,2.2182436316679602e-07
2.0660000000000016,2.2182436316679602e-07
2.0670000000000015,2.2182436316679602e-07
2.0680000000000014,2.2182436316679602e-07
2.0690000000000017,2.2182436316679602e-07
2.0700000000000016,2.2182436316679602e-07
2.0710000000000015,2.2182436316679602e-07
2.0720000000000014,2.2182436316679602e-07
2.0730000000000017,2.2182436316679602e-07
2.0740000000000016,2.2182436316679602e-07
2.0750000000000015,2.2182436316679602e-07
2.0760000000000014,2.2182436316679602e-07
2.0770000000000017,2.2182436316679602e-07
2.0780000000000016,2.2182436316679602e-07
2.0790000000000015,2.2182436316679602e-07
2.0800000000000014,2.2182436316679602e-07
2.0810000000000017,2.2182436316679602e-07
2.0820000000000016,2.2182436316679602e-07
2.0830000000000015,2.2182436316679602e-07
2.0840000000000014,2.2182436316679602e-07
2.0850000000000017,2.2182436316679602e-07
2.0860000000000016,2.2182436316679602e-07
2.0870000000000015,2.2182436316679602e-07
2.0880000000000014,2.2182436316679602e-07
2.0890000000000017,2.2182436316679602e-07
2.0900000000000016,2.2182436316679602e-07
2.0910000000000015,2.2182436316679602e-07
2.0920000000000014,2.2182436316679602e-07
2.0930000000000017,2.2182436316679602e-07
2.0940000000000016,2.2182436316679602e-07
2.0950000000000015,2.2182436316679602e-07
2.0960000000000014,2.2182436316679602e-07
2.0970000000000018,2.2182436316679602e-07
2.0980000000000016,2.2182436316679602e-07
2.0990000000000015,2.2182436316679602e-07
2.1000000000000014,2.2182436316679602e-07
2.1010000000000018,2.2182436316679602e-07
2.1020000000000016,2.2182436316679602e-07
2.1030000000000015,2.2182436316679602e-07
2.1040000000000014,2.2182436316679602e-07
2.1050000000000018,2.2182436316679602e-07
2.1060000000000016,2.2182436316679602e-07
2.1070000000000015,2.2182436316679602e-07
2.1080000000000014,2.2182436316679602e-07
2.1090000000000018,2.2182436316679602e-07
2.1100000000000017,2.2182436316679602e-07
2.1110000000000015,2.2182436316679602e-07
2.1120000000000014,2.2182436316679602e-07
2.1130000000000018,2.2182436316679602e-07
2.1140000000000017,2.2182436316679602e-07
2.1150000000000015,2.2182436316679602e-07
2.1160000000000014,2.2182436316679602e-07
2.1170000000000018,2.2182436316679602e-07
2.1180000000000017,2.2182436316679602e-07
2.1190000000000015,2.2182436316679602e-07
2.1200000000000014,2.2182436316679602e-07
2.1210000000000018,2.2182436316679602e-07
2.1220000000000017,2.2182436316679602e-07
2.1230000000000016,2.2182436316679602e-07
2.1240000000000014,2.2182436316679602e-07
2.1250000000000018,2.2182436316679602e-07
2.1260000000000017,2.2182436316679602e-07
2.1270000000000016,2.2182436316679602e-07
2.1280000000000014,2.2182436316679602e-07
2.129000000000002,2.2182436316679602e-07
2.1300000000000017,2.2182436316679602e-07
2.1310000000000016,2.2182436316679602e-07
2.1320000000000014,2.2182436316679602e-07
2.133000000000002,2.2182436316679602e-07
2.1340000000000017,2.2182436316679602e-07
2.1350000000000016,2.2182436316679602e-07
2.1360000000000015,2.2182436316679602e-07
2.137000000000002,2.2182436316679602e-07
2.1380000000000017,2.2182436316679602e-07
2.1390000000000016,2.2182436316679602e-07
2.1400000000000015,2.2182436316679602e-07
2.141000000000002,2.2182436316679602e-07
2.1420000000000017,2.2182436316679602e-07
2.1430000000000016,2.2182436316679602e-07
2.1440000000000015,2.2182436316679602e-07
2.145000000000002,2.2182436316679602e-07
2.1460000000000017,2.2182436316679602e-07
2.1470000000000016,2.2182436316679602e-07
2.1480000000000015,2.2182436316679602e-07
2.149000000000002,2.2182436316679602e-07
2.1500000000000017,2.2182436316679602e-07
2.1510000000000016,2.2182436316679602e-07
2.1520000000000015,2.2182436316679602e-07
2.153000000000002,2.2182436316679602e-07
2.1540000000000017,2.2182436316679602e-07
2.1550000000000016,2.2182436316679602e-07
2.1560000000000015,2.2182436316679602e-07
2.157000000000002,2.2182436316679602e-07
2.1580000000000017,2.2182436316679602e-07
2.1590000000000016,2.2182436316679602e-07
2.1600000000000015,2.2182436316679602e-07
2.161000000000002,2.2182436316679602e-07
2.1620000000000017,2.2182436316679602e-07
2.1630000000000016,2.2182436316679602e-07
2.1640000000000015,2.2182436316679602e-07
2.165000000000002,2.2182436316679602e-07
2.1660000000000017,2.2182436316679602e-07
2.1670000000000016,2.2182436316679602e-07
2.1680000000000015,2.2182436316679602e-07
2.169000000000002,2.2182436316679602e-07
2.1700000000000017,2.2182436316679602e-07
2.1710000000000016,2.2182436316679602e-07
2.1720000000000015,2.2182436316679602e-07
2.173000000000002,2.2182436316679602e-07
2.1740000000000017,2.2182436316679602e-07
2.1750000000000016,2.2182436316679602e-07
2.1760000000000015,2.2182436316679602e-07
2.177000000000002,2.2182436316679602e-07
2.1780000000000017,2.2182436316679602e-07
2.1790000000000016,2.2182436316679602e-07
2.1800000000000015,2.2182436316679602e-07
2.181000000000002,2.2182436316679602e-07
2.1820000000000017,2.2182436316679602e-07
2.1830000000000016,2.2182436316679602e-07
2.1840000000000015,2.2182436316679602e-07
2.185000000000002,2.2182436316679602e-07
2.1860000000000017,2.2182436316679602e-07
2.1870000000000016,2.2182436316679602e-07
2.1880000000000015,2.2182436316679602e-07
2.189000000000002,2.2182436316679602e-07
2.1900000000000017,2.2182436316679602e-07
2.1910000000000016,2.2182436316679602e-07
2.1920000000000015,2.2182436316679602e-07
2.193000000000002,2.2182436316679602e-07
2.1940000000000017,2.2182436316679602e-07
2.1950000000000016,2.2182436316679602e-07
2.1960000000000015,2.2182436316679602e-07
2.197000000000002,2.2182436316679602e-07
2.1980000000000017,2.2182436316679602e-07
2.1990000000000016,2.2182436316679602e-07
2.2000000000000015,2.2182436316679602e-07
2.201000000000002,2.2182436316679602e-07
2.2020000000000017,2.2182436316679602e-07
2.2030000000000016,2.2182436316679602e-07
2.2040000000000015,2.2182436316679602e-07
2.205000000000002,2.2182436316679602e-07
2.2060000000000017,2.2182436316679602e-07
2.2070000000000016,2.2182436316679602e-07
2.2080000000000015,2.2182436316679602e-07
2.209000000000002,2.2182436316679602e-07
2.2100000000000017,2.2182436316679602e-07
2.2110000000000016,2.2182436316679602e-07
2.2120000000000015,2.2182436316679602e-07
2.213000000000002,2.2182436316679602e-07
2.2140000000000017,2.2182436316679602e-07
2.2150000000000016,2.2182436316679602e-07
2.2160000000000015,2.2182436316679602e-07
2.217000000000002,2.2182436316679602e-07
2.2180000000000017,2.2182436316679602e-07
2.2190000000000016,2.2182436316679602e-07
2.2200000000000015,2.2182436316679602e-07
2.221000000000002,2.2182436316679602e-07
2.2220000000000018,2.2182436316679602e-07
2.2230000000000016,2.2182436316679602e-07
2.2240000000000015,2.2182436316679602e-07
2.225000000000002,2.2182436316679602e-07
2.2260000000000018,2.2182436316679602e-07
2.2270000000000016,2.2182436316679602e-07
2.2280000000000015,2.2182436316679602e-07
2.229000000000002,2.2182436316679602e-07
2.2300000000000018,2.2182436316679602e-07
2.2310000000000016,2.2182436316679602e-07
2.2320000000000015,2.2182436316679602e-07
2.233000000000002,2.2182436316679602e-07
2.2340000000000018,2.2182436316679602e-07
2.2350000000000017,2.2182436316679602e-07
2.2360000000000015,2.2182436316679602e-07
2.237000000000002,2.2182436316679602e-07
2.2380000000000018,2.2182436316679602e-07
2.2390000000000017,2.2182436316679602e-07
2.2400000000000015,2.2182436316679602e-07
2.241000000000002,2.2182436316679602e-07
2.2420000000000018,2.2182436316679602e-07
2.2430000000000017,2.2182436316679602e-07
2.2440000000000015,2.2182436316679602e-07
2.245000000000002,2.2182436316679602e-07
2.2460000000000018,2.2182436316679602e-07
2.2470000000000017,2.2182436316679602e-07
2.2480000000000016,2.2182436316679602e-07
2.249000000000002,2.2182436316679602e-07
2.2500000000000018,2.2182436316679602e-07
2.2510000000000017,2.2182436316679602e-07
2.2520000000000016,2.2182436316679602e-07
2.253000000000002,2.2182436316679602e-07
2.254000000000002,2.2182436316679602e-07
2.2550000000000017,2.2182436316679602e-07
2.2560000000000016,2.2182436316679602e-07
2.257000000000002,2.2182436316679602e-07
2.258000000000002,2.2182436316679602e-07
2.2590000000000017,2.2182436316679602e-07
2.2600000000000016,2.2182436316679602e-07
2.261000000000002,2.2182436316679602e-07
2.262000000000002,2.2182436316679602e-07
2.2630000000000017,2.2182436316679602e-07
2.2640000000000016,2.2182436316679602e-07
2.265000000000002,2.2182436316679602e-07
2.266000000000002,2.2182436316679602e-07
2.2670000000000017,2.2182436316679602e-07
2.2680000000000016,2.2182436316679602e-07
2.269000000000002,2.2182436316679602e-07
2.270000000000002,2.2182436316679602e-07
2.2710000000000017,2.2182436316679602e-07
2.2720000000000016,2.2182436316679602e-07
2.273000000000002,2.2182436316679602e-07
2.274000000000002,2.2182436316679602e-07
2.2750000000000017,2.2182436316679602e-07
2.2760000000000016,2.2182436316679602e-07
2.277000000000002,2.2182436316679602e-07
2.278000000000002,2.2182436316679602e-07
2.2790000000000017,2.2182436316679602e-07
2.2800000000000016,2.2182436316679602e-07
2.281000000000002,2.2182436316679602e-07
2.282000000000002,2.2182436316679602e-07
2.2830000000000017,2.2182436316679602e-07
2.2840000000000016,2.2182436316679602e-07
2.285000000000002,2.2182436316679602e-07
2.286000000000002,2.2182436316679602e-07
2.2870000000000017,2.2182436316679602e-07
2.2880000000000016,2.2182436316679602e-07
2.289000000000002,2.2182436316679602e-07
2.290000000000002,2.2182436316679602e-07
2.2910000000000017,2.2182436316679602e-07
2.2920000000000016,2.2182436316679602e-07
2.293000000000002,2.2182436316679602e-07
2.294000000000002,2.2182436316679602e-07
2.2950000000000017,2.2182436316679602e-07
2.2960000000000016,2.2182436316679602e-07
2.297000000000002,2.2182436316679602e-07
2.298000000000002,2.2182436316679602e-07
2.2990000000000017,2.2182436316679602e-07
2.3000000000000016,2.2182436316679602e-07
2.301000000000002,2.2182436316679602e-07
2.302000000000002,2.2182436316679602e-07
2.3030000000000017,2.2182436316679602e-07
2.3040000000000016,2.2182436316679602e-07
2.305000000000002,2.2182436316679602e-07
2.306000000000002,2.2182436316679602e-07
2.3070000000000017,2.2182436316679602e-07
2.3080000000000016,2.2182436316679602e-07
2.309000000000002,2.2182436316679602e-07
2.310000000000002,2.2182436316679602e-07
2.3110000000000017,2.2182436316679602e-07
2.3120000000000016,2.2182436316679602e-07
2.313000000000002,2.2182436316679602e-07
2.314000000000002,2.2182436316679602e-07
2.3150000000000017,2.2182436316679602e-07
2.3160000000000016,2.2182436316679602e-07
2.317000000000002,2.2182436316679602e-07
2.318000000000002,2.2182436316679602e-07
2.3190000000000017,2.2182436316679602e-07
2.3200000000000016,2.2182436316679602e-07
2.321000000000002,2.2182436316679602e-07
2.322000000000002,2.2182436316679602e-07
2.3230000000000017,2.2182436316679602e-07
2.3240000000000016,2.2182436316679602e-07
2.325000000000002,2.2182436316679602e-07
2.326000000000002,2.2182436316679602e-07
2.3270000000000017,2.2182436316679602e-07
2.3280000000000016,2.2182436316679602e-07
2.329000000000002,2.2182436316679602e-07
2.330000000000002,2.2182436316679602e-07
2.3310000000000017,2.2182436316679602e-07
2.3320000000000016,2.2182436316679602e-07
2.333000000000002,2.2182436316679602e-07
2.334000000000002,2.2182436316679602e-07
2.3350000000000017,2.2182436316679602e-07
2.3360000000000016,2.2182436316679602e-07
2.337000000000002,2.2182436316679602e-07
2.338000000000002,2.2182436316679602e-07
2.3390000000000017,2.2182436316679602e-07
2.3400000000000016,2.2182436316679602e-07
2.341000000000002,2.2182436316679602e-07
2.342000000000002,2.2182436316679602e-07
2.3430000000000017,2.2182436316679602e-07
2.3440000000000016,2.2182436316679602e-07
2.345000000000002,2.2182436316679602e-07
2.346000000000002,2.2182436316679602e-07
2.3470000000000018,2.2182436316679602e-07
2.3480000000000016,2.2182436316679602e-07
2.349000000000002,2.2182436316679602e-07
2.350000000000002,2.2182436316679602e-07
2.3510000000000018,2.2182436316679602e-07
2.3520000000000016,2.2182436316679602e-07
2.353000000000002,2.2182436316679602e-07
2.354000000000002,2.2182436316679602e-07
2.3550000000000018,2.2182436316679602e-07
2.3560000000000016,2.2182436316679602e-07
2.357000000000002,2.2182436316679602e-07
2.358000000000002,2.2182436316679602e-07
2.3590000000000018,2.2182436316679602e-07
2.3600000000000017,2.2182436316679602e-07
2.361000000000002,2.2182436316679602e-07
2.362000000000002,2.2182436316679602e-07
2.3630000000000018,2.2182436316679602e-07
2.3640000000000017,2.2182436316679602e-07
2.365000000000002,2.2182436316679602e-07
2.366000000000002,2.2182436316679602e-07
2.3670000000000018,2.2182436316679602e-07
2.3680000000000017,2.2182436316679602e-07
2.369000000000002,2.2182436316679602e-07
2.370000000000002,2.2182436316679602e-07
2.3710000000000018,2.2182436316679602e-07
2.3720000000000017,2.2182436316679602e-07
2.373000000000002,2.2182436316679602e-07
2.374000000000002,2.2182436316679602e-07
2.3750000000000018,2.2182436316679602e-07
2.3760000000000017,2.2182436316679602e-07
2.377000000000002,2.2182436316679602e-07
2.378000000000002,2.2182436316679602e-07
2.379000000000002,2.2182436316679602e-07
2.3800000000000017,2.2182436316679602e-07
2.381000000000002,2.2182436316679602e-07
2.382000000000002,2.2182436316679602e-07
2.383000000000002,2.2182436316679602e-07
2.3840000000000017,2.2182436316679602e-07
2.385000000000002,2.2182436316679602e-07
2.386000000000002,2.2182436316679602e-07
2.387000000000002,2.2182436316679602e-07
2.3880000000000017,2.2182436316679602e-07
2.389000000000002,2.2182436316679602e-07
2.390000000000002,2.2182436316679602e-07
2.391000000000002,2.2182436316679602e-07
2.3920000000000017,2.2182436316679602e-07
2.393000000000002,2.2182436316679602e-07
2.394000000000002,2.2182436316679602e-07
2.395000000000002,2.2182436316679602e-07
2.3960000000000017,2.2182436316679602e-07
2.397000000000002,2.2182436316679602e-07
2.398000000000002,2.2182436316679602e-07
2.399000000000002,2.2182436316679602e-07
2.4000000000000017,2.2182436316679602e-07
2.401000000000002,2.2182436316679602e-07
2.402000000000002,2.2182436316679602e-07
2.403000000000002,2.2182436316679602e-07
2.4040000000000017,2.2182436316679602e-07
2.405000000000002,2.2182436316679602e-07
2.406000000000002,2.2182436316679602e-07
2.407000000000002,2.2182436316679602e-07
2.4080000000000017,2.2182436316679602e-07
2.409000000000002,2.2182436316679602e-07
2.410000000000002,2.2182436316679602e-07
2.411000000000002,2.2182436316679602e-07
2.4120000000000017,2.2182436316679602e-07
2.413000000000002,2.2182436316679602e-07
2.414000000000002,2.2182436316679602e-07
2.415000000000002,2.2182436316679602e-07
2.4160000000000017,2.2182436316679602e-07
2.417000000000002,2.2182436316679602e-07
2.418000000000002,2.2182436316679602e-07
2.419000000000002,2.2182436316679602e-07
2.4200000000000017,2.2182436316679602e-07
2.421000000000002,2.2182436316679602e-07
2.422000000000002,2.2182436316679602e-07
2.423000000000002,2.2182436316679602e-07
2.4240000000000017,2.2182436316679602e-07
2.425000000000002,2.2182436316679602e-07
2.426000000000002,2.2182436316679602e-07
2.427000000000002,2.2182436316679602e-07
2.4280000000000017,2.2182436316679602e-07
2.429000000000002,2.2182436316679602e-07
2.430000000000002,2.2182436316679602e-07
2.431000000000002,2.2182436316679602e-07
2.4320000000000017,2.2182436316679602e-07
2.433000000000002,2.2182436316679602e-07
2.434000000000002,2.2182436316679602e-07
2.435000000000002,2.2182436316679602e-07
2.4360000000000017,2.2182436316679602e-07
2.437000000000002,2.2182436316679602e-07
2.438000000000002,2.2182436316679602e-07
2.439000000000002,2.2182436316679602e-07
2.4400000000000017,2.2182436316679602e-07
2.441000000000002,2.2182436316679602e-07
2.442000000000002,2.2182436316679602e-07
2.443000000000002,2.2182436316679602e-07
2.4440000000000017,2.2182436316679602e-07
2.445000000000002,2.2182436316679602e-07
2.446000000000002,2.2182436316679602e-07
2.447000000000002,2.2182436316679602e-07
2.4480000000000017,2.2182436316679602e-07
2.449000000000002,2.2182436316679602e-07
2.450000000000002,2.2182436316679602e-07
2.451000000000002,2.2182436316679602e-07
2.4520000000000017,2.2182436316679602e-07
2.453000000000002,2.2182436316679602e-07
2.454000000000002,2.2182436316679602e-07
2.455000000000002,2.2182436316679602e-07
2.4560000000000017,2.2182436316679602e-07
2.457000000000002,2.2182436316679602e-07
2.458000000000002,2.2182436316679602e-07
2.459000000000002,2.2182436316679602e-07
2.4600000000000017,2.2182436316679602e-07
2.461000000000002,2.2182436316679602e-07
2.462000000000002,2.2182436316679602e-07
2.463000000000002,2.2182436316679602e-07
2.4640000000000017,2.2182436316679602e-07
2.465000000000002,2.2182436316679602e-07
2.466000000000002,2.2182436316679602e-07
2.467000000000002,2.2182436316679602e-07
2.4680000000000017,2.2182436316679602e-07
2.469000000000002,2.2182436316679602e-07
2.470000000000002,2.2182436316679602e-07
2.471000000000002,2.2182436316679602e-07
2.4720000000000018,2.2182436316679602e-07
2.473000000000002,2.2182436316679602e-07
2.474000000000002,2.2182436316679602e-07
2.475000000000002,2.2182436316679602e-07
2.4760000000000018,2.2182436316679602e-07
2.477000000000002,2.2182436316679602e-07
2.478000000000002,2.2182436316679602e-07
2.479000000000002,2.2182436316679602e-07
2.4800000000000018,2.2182436316679602e-07
2.481000000000002,2.2182436316679602e-07
2.482000000000002,2.2182436316679602e-07
2.483000000000002,2.2182436316679602e-07
2.4840000000000018,2.2182436316679602e-07
2.485000000000002,2.2182436316679602e-07
2.486000000000002,2.2182436316679602e-07
2.487000000000002,2.2182436316679602e-07
2.4880000000000018,2.2182436316679602e-07
2.489000000000002,2.2182436316679602e-07
2.490000000000002,2.2182436316679602e-07
2.491000000000002,2.2182436316679602e-07
2.4920000000000018,2.2182436316679602e-07
2.493000000000002,2.2182436316679602e-07
2.494000000000002,2.2182436316679602e-07
2.495000000000002,2.2182436316679602e-07
2.4960000000000018,2.2182436316679602e-07
2.497000000000002,2.2182436316679602e-07
2.498000000000002,2.2182436316679602e-07
2.499000000000002,2.2182436316679602e-07
2.5000000000000018,2.2182436316679602e-07
2.501000000000002,2.2182436316679602e-07
2.502000000000002,2.2182436316679602e-07
2.503000000000002,2.2182436316679602e-07
2.504000000000002,2.2182436316679602e-07
2.505000000000002,2.2182436316679602e-07
2.506000000000002,2.2182436316679602e-07
2.507000000000002,2.2182436316679602e-07
2.508000000000002,2.2182436316679602e-07
2.509000000000002,2.2182436316679602e-07
2.510000000000002,2.2182436316679602e-07
2.511000000000002,2.2182436316679602e-07
2.512000000000002,2.2182436316679602e-07
2.513000000000002,2.2182436316679602e-07
2.514000000000002,2.2182436316679602e-07
2.515000000000002,2.2182436316679602e-07
2.516000000000002,2.2182436316679602e-07
2.517000000000002,2.2182436316679602e-07
2.518000000000002,2.2182436316679602e-07
2.519000000000002,2.2182436316679602e-07
2.520000000000002,2.2182436316679602e-07
2.521000000000002,2.2182436316679602e-07
2.522000000000002,2.2182436316679602e-07
2.523000000000002,2.2182436316679602e-07
2.524000000000002,2.2182436316679602e-07
2.525000000000002,2.2182436316679602e-07
2.526000000000002,2.2182436316679602e-07
2.527000000000002,2.2182436316679602e-07
2.528000000000002,2.2182436316679602e-07
2.529000000000002,2.2182436316679602e-07
2.530000000000002,2.2182436316679602e-07
2.531000000000002,2.2182436316679602e-07
2.532000000000002,2.2182436316679602e-07
2.533000000000002,2.2182436316679602e-07
2.534000000000002,2.2182436316679602e-07
2.535000000000002,2.2182436316679602e-07
2.536000000000002,2.2182436316679602e-07
2.537000000000002,2.2182436316679602e-07
2.538000000000002,2.2182436316679602e-07
2.539000000000002,2.2182436316679602e-07
2.540000000000002,2.2182436316679602e-07
2.541000000000002,2.2182436316679602e-07
2.542000000000002,2.2182436316679602e-07
2.543000000000002,2.2182436316679602e-07
2.544000000000002,2.2182436316679602e-07
2.545000000000002,2.2182436316679602e-07
2.546000000000002,2.2182436316679602e-07
2.547000000000002,2.2182436316679602e-07
2.548000000000002,2.2182436316679602e-07
2.549000000000002,2.2182436316679602e-07
2.550000000000002,2.2182436316679602e-07
2.551000000000002,2.2182436316679602e-07
2.552000000000002,2.2182436316679602e-07
2.553000000000002,2.2182436316679602e-07
2.554000000000002,2.2182436316679602e-07
2.555000000000002,2.2182436316679602e-07
2.556000000000002,2.2182436316679602e-07
2.557000000000002,2.2182436316679602e-07
2.558000000000002,2.2182436316679602e-07
2.559000000000002,2.2182436316679602e-07
2.560000000000002,2.2182436316679602e-07
2.561000000000002,2.2182436316679602e-07
2.562000000000002,2.2182436316679602e-07
2.563000000000002,2.2182436316679602e-07
2.564000000000002,2.2182436316679602e-07
2.565000000000002,2.2182436316679602e-07
2.566000000000002,2.2182436316679602e-07
2.567000000000002,2.2182436316679602e-07
2.568000000000002,2.2182436316679602e-07
2.569000000000002,2.2182436316679602e-07
2.570000000000002,2.2182436316679602e-07
2.571000000000002,2.2182436316679602e-07
2.572000000000002,2.2182436316679602e-07
2.573000000000002,2.2182436316679602e-07
2.574000000000002,2.2182436316679602e-07
2.575000000000002,2.2182436316679602e-07
2.576000000000002,2.2182436316679602e-07
2.577000000000002,2.2182436316679602e-07
2.578000000000002,2.2182436316679602e-07
2.579000000000002,2.2182436316679602e-07
2.580000000000002,2.2182436316679602e-07
2.581000000000002,2.2182436316679602e-07
2.582000000000002,2.2182436316679602e-07
2.583000000000002,2.2182436316679602e-07
2.584000000000002,2.2182436316679602e-07
2.585000000000002,2.2182436316679602e-07
2.586000000000002,2.2182436316679602e-07
2.587000000000002,2.2182436316679602e-07
2.588000000000002,2.2182436316679602e-07
2.589000000000002,2.2182436316679602e-07
2.590000000000002,2.2182436316679602e-07
2.591000000000002,2.2182436316679602e-07
2.592000000000002,2.2182436316679602e-07
2.593000000000002,2.2182436316679602e-07
2.594000000000002,2.2182436316679602e-07
2.595000000000002,2.2182436316679602e-07
2.596000000000002,2.2182436316679602e-07
2.597000000000002,2.2182436316679602e-07
2.598000000000002,2.2182436316679602e-07
2.599000000000002,2.2182436316679602e-07
2.600000000000002,2.2182436316679602e-07
2.601000000000002,2.2182436316679602e-07
2.602000000000002,2.2182436316679602e-07
2.603000000000002,2.2182436316679602e-07
2.604000000000002,2.2182436316679602e-07
2.605000000000002,2.2182436316679602e-07
2.606000000000002,2.2182436316679602e-07
2.607000000000002,2.2182436316679602e-07
2.608000000000002,2.2182436316679602e-07
2.609000000000002,2.2182436316679602e-07
2.610000000000002,2.2182436316679602e-07
2.611000000000002,2.2182436316679602e-07
2.612000000000002,2.2182436316679602e-07
2.613000000000002,2.2182436316679602e-07
2.614000000000002,2.2182436316679602e-07
2.615000000000002,2.2182436316679602e-07
2.616000000000002,2.2182436316679602e-07
2.617000000000002,2.2182436316679602e-07
2.618000000000002,2.2182436316679602e-07
2.619000000000002,2.2182436316679602e-07
2.620000000000002,2.2182436316679602e-07
2.621000000000002,2.2182436316679602e-07
2.622000000000002,2.2182436316679602e-07
2.623000000000002,2.2182436316679602e-07
2.624000000000002,2.2182436316679602e-07
2.625000000000002,2.2182436316679602e-07
2.626000000000002,2.2182436316679602e-07
2.627000000000002,2.2182436316679602e-07
2.628000000000002,2.2182436316679602e-07
2.6290000000000022,2.2182436316679602e-07
2.630000000000002,2.2182436316679602e-07
2.631000000000002,2.2182436316679602e-07
2.632000000000002,2.2182436316679602e-07
2.6330000000000022,2.2182436316679602e-07
2.634000000000002,2.2182436316679602e-07
2.635000000000002,2.2182436316679602e-07
2.636000000000002,2.2182436316679602e-07
2.6370000000000022,2.2182436316679602e-07
2.638000000000002,2.2182436316679602e-07
2.639000000000002,2.2182436316679602e-07
2.640000000000002,2.2182436316679602e-07
2.6410000000000022,2.2182436316679602e-07
2.642000000000002,2.2182436316679602e-07
2.643000000000002,2.2182436316679602e-07
2.644000000000002,2.2182436316679602e-07
2.6450000000000022,2.2182436316679602e-07
2.646000000000002,2.2182436316679602e-07
2.647000000000002,2.2182436316679602e-07
2.648000000000002,2.2182436316679602e-07
2.6490000000000022,2.2182436316679602e-07
2.650000000000002,2.2182436316679602e-07
2.651000000000002,2.2182436316679602e-07
2.652000000000002,2.2182436316679602e-07
2.6530000000000022,2.2182436316679602e-07
2.654000000000002,2.2182436316679602e-07
2.655000000000002,2.2182436316679602e-07
2.656000000000002,2.2182436316679602e-07
2.6570000000000022,2.2182436316679602e-07
2.658000000000002,2.2182436316679602e-07
2.659000000000002,2.2182436316679602e-07
2.660000000000002,2.2182436316679602e-07
2.6610000000000023,2.2182436316679602e-07
2.662000000000002,2.2182436316679602e-07
2.663000000000002,2.2182436316679602e-07
2.664000000000002,2.2182436316679602e-07
2.6650000000000023,2.2182436316679602e-07
2.666000000000002,2.2182436316679602e-07
2.667000000000002,2.2182436316679602e-07
2.668000000000002,2.2182436316679602e-07
2.6690000000000023,2.2182436316679602e-07
2.670000000000002,2.2182436316679602e-07
2.671000000000002,2.2182436316679602e-07
2.672000000000002,2.2182436316679602e-07
2.6730000000000023,2.2182436316679602e-07
2.674000000000002,2.2182436316679602e-07
2.675000000000002,2.2182436316679602e-07
2.676000000000002,2.2182436316679602e-07
2.6770000000000023,2.2182436316679602e-07
2.678000000000002,2.2182436316679602e-07
2.679000000000002,2.2182436316679602e-07
2.680000000000002,2.2182436316679602e-07
2.6810000000000023,2.2182436316679602e-07
2.682000000000002,2.2182436316679602e-07
2.683000000000002,2.2182436316679602e-07
2.684000000000002,2.2182436316679602e-07
2.6850000000000023,2.2182436316679602e-07
2.686000000000002,2.2182436316679602e-07
2.687000000000002,2.2182436316679602e-07
2.688000000000002,2.2182436316679602e-07
2.6890000000000023,2.2182436316679602e-07
2.690000000000002,2.2182436316679602e-07
2.691000000000002,2.2182436316679602e-07
2.692000000000002,2.2182436316679602e-07
2.6930000000000023,2.2182436316679602e-07
2.694000000000002,2.2182436316679602e-07
2.695000000000002,2.2182436316679602e-07
2.696000000000002,2.2182436316679602e-07
2.6970000000000023,2.2182436316679602e-07
2.698000000000002,2.2182436316679602e-07
2.699000000000002,2.2182436316679602e-07
2.700000000000002,2.2182436316679602e-07
2.7010000000000023,2.2182436316679602e-07
2.702000000000002,2.2182436316679602e-07
2.703000000000002,2.2182436316679602e-07
2.704000000000002,2.2182436316679602e-07
2.7050000000000023,2.2182436316679602e-07
2.706000000000002,2.2182436316679602e-07
2.707000000000002,2.2182436316679602e-07
2.708000000000002,2.2182436316679602e-07
2.7090000000000023,2.2182436316679602e-07
2.710000000000002,2.2182436316679602e-07
2.711000000000002,2.2182436316679602e-07
2.712000000000002,2.2182436316679602e-07
2.7130000000000023,2.2182436316679602e-07
2.714000000000002,2.2182436316679602e-07
2.715000000000002,2.2182436316679602e-07
2.716000000000002,2.2182436316679602e-07
2.7170000000000023,2.2182436316679602e-07
2.718000000000002,2.2182436316679602e-07
2.719000000000002,2.2182436316679602e-07
2.720000000000002,2.2182436316679602e-07
2.7210000000000023,2.2182436316679602e-07
2.722000000000002,2.2182436316679602e-07
2.723000000000002,2.2182436316679602e-07
2.724000000000002,2.2182436316679602e-07
2.7250000000000023,2.2182436316679602e-07
2.726000000000002,2.2182436316679602e-07
2.727000000000002,2.2182436316679602e-07
2.728000000000002,2.2182436316679602e-07
2.7290000000000023,2.2182436316679602e-07
2.730000000000002,2.2182436316679602e-07
2.731000000000002,2.2182436316679602e-07
2.732000000000002,2.2182436316679602e-07
2.7330000000000023,2.2182436316679602e-07
2.734000000000002,2.2182436316679602e-07
2.735000000000002,2.2182436316679602e-07
2.736000000000002,2.2182436316679602e-07
2.7370000000000023,2.2182436316679602e-07
2.738000000000002,2.2182436316679602e-07
2.739000000000002,2.2182436316679602e-07
2.740000000000002,2.2182436316679602e-07
2.7410000000000023,2.2182436316679602e-07
2.742000000000002,2.2182436316679602e-07
2.743000000000002,2.2182436316679602e-07
2.744000000000002,2.2182436316679602e-07
2.7450000000000023,2.2182436316679602e-07
2.746000000000002,2.2182436316679602e-07
2.747000000000002,2.2182436316679602e-07
2.748000000000002,2.2182436316679602e-07
2.7490000000000023,2.2182436316679602e-07
2.750000000000002,2.2182436316679602e-07
2.751000000000002,2.2182436316679602e-07
2.752000000000002,2.2182436316679602e-07
2.7530000000000023,2.2182436316679602e-07
2.7540000000000022,2.2182436316679602e-07
2.755000000000002,2.2182436316679602e-07
2.756000000000002,2.2182436316679602e-07
2.7570000000000023,2.2182436316679602e-07
2.7580000000000022,2.2182436316679602e-07
2.759000000000002,2.2182436316679602e-07
2.760000000000002,2.2182436316679602e-07
2.7610000000000023,2.2182436316679602e-07
2.7620000000000022,2.2182436316679602e-07
2.763000000000002,2.2182436316679602e-07
2.764000000000002,2.2182436316679602e-07
2.7650000000000023,2.2182436316679602e-07
2.7660000000000022,2.2182436316679602e-07
2.767000000000002,2.2182436316679602e-07
2.768000000000002,2.2182436316679602e-07
2.7690000000000023,2.2182436316679602e-07
2.7700000000000022,2.2182436316679602e-07
2.771000000000002,2.2182436316679602e-07
2.772000000000002,2.2182436316679602e-07
2.7730000000000024,2.2182436316679602e-07
2.7740000000000022,2.2182436316679602e-07
2.775000000000002,2.2182436316679602e-07
2.776000000000002,2.2182436316679602e-07
2.7770000000000024,2.2182436316679602e-07
2.7780000000000022,2.2182436316679602e-07
2.779000000000002,2.2182436316679602e-07
2.780000000000002,2.2182436316679602e-07
2.7810000000000024,2.2182436316679602e-07
2.7820000000000022,2.2182436316679602e-07
2.783000000000002,2.2182436316679602e-07
2.784000000000002,2.2182436316679602e-07
2.7850000000000024,2.2182436316679602e-07
2.7860000000000023,2.2182436316679602e-07
2.787000000000002,2.2182436316679602e-07
2.788000000000002,2.2182436316679602e-07
2.7890000000000024,2.2182436316679602e-07
2.7900000000000023,2.2182436316679602e-07
2.791000000000002,2.2182436316679602e-07
2.792000000000002,2.2182436316679602e-07
2.7930000000000024,2.2182436316679602e-07
2.7940000000000023,2.2182436316679602e-07
2.795000000000002,2.2182436316679602e-07
2.796000000000002,2.2182436316679602e-07
2.7970000000000024,2.2182436316679602e-07
2.7980000000000023,2.2182436316679602e-07
2.799000000000002,2.2182436316679602e-07
2.800000000000002,2.2182436316679602e-07
2.8010000000000024,2.2182436316679602e-07
2.8020000000000023,2.2182436316679602e-07
2.803000000000002,2.2182436316679602e-07
2.804000000000002,2.2182436316679602e-07
2.8050000000000024,2.2182436316679602e-07
2.8060000000000023,2.2182436316679602e-07
2.807000000000002,2.2182436316679602e-07
2.808000000000002,2.2182436316679602e-07
2.8090000000000024,2.2182436316679602e-07
2.8100000000000023,2.2182436316679602e-07
2.811000000000002,2.2182436316679602e-07
2.812000000000002,2.2182436316679602e-07
2.8130000000000024,2.2182436316679602e-07
2.8140000000000023,2.2182436316679602e-07
2.815000000000002,2.2182436316679602e-07
2.816000000000002,2.2182436316679602e-07
2.8170000000000024,2.2182436316679602e-07
2.8180000000000023,2.2182436316679602e-07
2.819000000000002,2.2182436316679602e-07
2.820000000000002,2.2182436316679602e-07
2.8210000000000024,2.2182436316679602e-07
2.8220000000000023,2.2182436316679602e-07
2.823000000000002,2.2182436316679602e-07
2.824000000000002,2.2182436316679602e-07
2.8250000000000024,2.2182436316679602e-07
2.8260000000000023,2.2182436316679602e-07
2.827000000000002,2.2182436316679602e-07
2.828000000000002,2.2182436316679602e-07
2.8290000000000024,2.2182436316679602e-07
2.8300000000000023,2.2182436316679602e-07
2.831000000000002,2.2182436316679602e-07
2.832000000000002,2.2182436316679602e-07
2.8330000000000024,2.2182436316679602e-07
2.8340000000000023,2.2182436316679602e-07
2.835000000000002,2.2182436316679602e-07
2.836000000000002,2.2182436316679602e-07
2.8370000000000024,2.2182436316679602e-07
2.8380000000000023,2.2182436316679602e-07
2.839000000000002,2.2182436316679602e-07
2.840000000000002,2.2182436316679602e-07
2.8410000000000024,2.2182436316679602e-07
2.8420000000000023,2.2182436316679602e-07
2.843000000000002,2.2182436316679602e-07
2.844000000000002,2.2182436316679602e-07
2.8450000000000024,2.2182436316679602e-07
2.8460000000000023,2.2182436316679602e-07
2.847000000000002,2.2182436316679602e-07
2.848000000000002,2.2182436316679602e-07
2.8490000000000024,2.2182436316679602e-07
2.8500000000000023,2.2182436316679602e-07
2.851000000000002,2.2182436316679602e-07
2.852000000000002,2.2182436316679602e-07
2.8530000000000024,2.2182436316679602e-07
2.8540000000000023,2.2182436316679602e-07
2.855000000000002,2.2182436316679602e-07
2.856000000000002,2.2182436316679602e-07
2.8570000000000024,2.2182436316679602e-07
2.8580000000000023,2.2182436316679602e-07
2.859000000000002,2.2182436316679602e-07
2.860000000000002,2.2182436316679602e-07
2.8610000000000024,2.2182436316679602e-07
2.8620000000000023,2.2182436316679602e-07
2.863000000000002,2.2182436316679602e-07
2.864000000000002,2.2182436316679602e-07
2.8650000000000024,2.2182436316679602e-07
2.8660000000000023,2.2182436316679602e-07
2.867000000000002,2.2182436316679602e-07
2.868000000000002,2.2182436316679602e-07
2.8690000000000024,2.2182436316679602e-07
2.8700000000000023,2.2182436316679602e-07
2.871000000000002,2.2182436316679602e-07
2.872000000000002,2.2182436316679602e-07
2.8730000000000024,2.2182436316679602e-07
2.8740000000000023,2.2182436316679602e-07
2.875000000000002,2.2182436316679602e-07
2.876000000000002,2.2182436316679602e-07
2.8770000000000024,2.2182436316679602e-07
2.8780000000000023,2.2182436316679602e-07
2.8790000000000022,2.2182436316679602e-07
2.880000000000002,2.2182436316679602e-07
2.8810000000000024,2.2182436316679602e-07
2.8820000000000023,2.2182436316679602e-07
2.8830000000000022,2.2182436316679602e-07
2.884000000000002,2.2182436316679602e-07
2.8850000000000025,2.2182436316679602e-07
2.8860000000000023,2.2182436316679602e-07
2.8870000000000022,2.2182436316679602e-07
2.888000000000002,2.2182436316679602e-07
2.8890000000000025,2.2182436316679602e-07
2.8900000000000023,2.2182436316679602e-07
2.8910000000000022,2.2182436316679602e-07
2.892000000000002,2.2182436316679602e-07
2.8930000000000025,2.2182436316679602e-07
2.8940000000000023,2.2182436316679602e-07
2.8950000000000022,2.2182436316679602e-07
2.896000000000002,2.2182436316679602e-07
2.8970000000000025,2.2182436316679602e-07
2.8980000000000024,2.2182436316679602e-07
2.8990000000000022,2.2182436316679602e-07
2.900000000000002,2.2182436316679602e-07
2.9010000000000025,2.2182436316679602e-07
2.9020000000000024,2.2182436316679602e-07
2.9030000000000022,2.2182436316679602e-07
2.904000000000002,2.2182436316679602e-07
2.9050000000000025,2.2182436316679602e-07
2.9060000000000024,2.2182436316679602e-07
2.9070000000000022,2.2182436316679602e-07
2.908000000000002,2.2182436316679602e-07
2.9090000000000025,2.2182436316679602e-07
2.9100000000000024,2.2182436316679602e-07
2.9110000000000023,2.2182436316679602e-07
2.912000000000002,2.2182436316679602e-07
2.9130000000000025,2.2182436316679602e-07
2.9140000000000024,2.2182436316679602e-07
2.9150000000000023,2.2182436316679602e-07
2.916000000000002,2.2182436316679602e-07
2.9170000000000025,2.2182436316679602e-07
2.9180000000000024,2.2182436316679602e-07
2.9190000000000023,2.2182436316679602e-07
2.920000000000002,2.2182436316679602e-07
2.9210000000000025,2.2182436316679602e-07
2.9220000000000024,2.2182436316679602e-07
2.9230000000000023,2.2182436316679602e-07
2.924000000000002,2.2182436316679602e-07
2.9250000000000025,2.2182436316679602e-07
2.9260000000000024,2.2182436316679602e-07
2.9270000000000023,2.2182436316679602e-07
2.928000000000002,2.2182436316679602e-07
2.9290000000000025,2.2182436316679602e-07
2.9300000000000024,2.2182436316679602e-07
2.9310000000000023,2.2182436316679602e-07
2.932000000000002,2.2182436316679602e-07
2.9330000000000025,2.2182436316679602e-07
2.9340000000000024,2.2182436316679602e-07
2.9350000000000023,2.2182436316679602e-07
2.936000000000002,2.2182436316679602e-07
2.9370000000000025,2.2182436316679602e-07
2.9380000000000024,2.2182436316679602e-07
2.9390000000000023,2.2182436316679602e-07
2.940000000000002,2.2182436316679602e-07
2.9410000000000025,2.2182436316679602e-07
2.9420000000000024,2.2182436316679602e-07
2.9430000000000023,2.2182436316679602e-07
2.944000000000002,2.2182436316679602e-07
2.9450000000000025,2.2182436316679602e-07
2.9460000000000024,2.2182436316679602e-07
2.9470000000000023,2.2182436316679602e-07
2.948000000000002,2.2182436316679602e-07
2.9490000000000025,2.2182436316679602e-07
2.9500000000000024,2.2182436316679602e-07
2.9510000000000023,2.2182436316679602e-07
2.952000000000002,2.2182436316679602e-07
2.9530000000000025,2.2182436316679602e-07
2.9540000000000024,2.2182436316679602e-07
2.9550000000000023,2.2182436316679602e-07
2.956000000000002,2.2182436316679602e-07
2.9570000000000025,2.2182436316679602e-07
2.9580000000000024,2.2182436316679602e-07
2.9590000000000023,2.2182436316679602e-07
2.960000000000002,2.2182436316679602e-07
2.9610000000000025,2.2182436316679602e-07
2.9620000000000024,2.2182436316679602e-07
2.9630000000000023,2.2182436316679602e-07
2.964000000000002,2.2182436316679602e-07
2.9650000000000025,2.2182436316679602e-07
2.9660000000000024,2.2182436316679602e-07
2.9670000000000023,2.2182436316679602e-07
2.968000000000002,2.2182436316679602e-07
2.9690000000000025,2.2182436316679602e-07
2.9700000000000024,2.2182436316679602e-07
2.9710000000000023,2.2182436316679602e-07
2.972000000000002,2.2182436316679602e-07
2.9730000000000025,2.2182436316679602e-07
2.9740000000000024,2.2182436316679602e-07
2.9750000000000023,2.2182436316679602e-07
2.976000000000002,2.2182436316679602e-07
2.9770000000000025,2.2182436316679602e-07
2.9780000000000024,2.2182436316679602e-07
2.9790000000000023,2.2182436316679602e-07
2.980000000000002,2.2182436316679602e-07
2.9810000000000025,2.2182436316679602e-07
2.9820000000000024,2.2182436316679602e-07
2.9830000000000023,2.2182436316679602e-07
2.984000000000002,2.2182436316679602e-07
2.9850000000000025,2.2182436316679602e-07
2.9860000000000024,2.2182436316679602e-07
2.9870000000000023,2.2182436316679602e-07
2.988000000000002,2.2182436316679602e-07
2.9890000000000025,2.2182436316679602e-07
2.9900000000000024,2.2182436316679602e-07
2.9910000000000023,2.2182436316679602e-07
2.992000000000002,2.2182436316679602e-07
2.9930000000000025,2.2182436316679602e-07
2.9940000000000024,2.2182436316679602e-07
2.9950000000000023,2.2182436316679602e-07
2.996000000000002,2.2182436316679602e-07
2.9970000000000026,2.2182436316679602e-07
2.9980000000000024,2.2182436316679602e-07
2.9990000000000023,2.2182436316679602e-07
